,tpr,fpr,threshold
0,1.0,1.0,0.0
1,1.0,1.0,0.0
2,1.0,1.0,0.0
3,1.0,1.0,0.0
4,1.0,1.0,0.0
5,1.0,1.0,0.0
6,1.0,1.0,0.0
7,1.0,1.0,0.0
8,1.0,1.0,0.0
9,1.0,1.0,0.0
10,1.0,1.0,0.0
11,1.0,1.0,0.0
12,1.0,1.0,0.0
13,1.0,1.0,0.0
14,1.0,1.0,0.0
15,1.0,1.0,0.0
16,1.0,1.0,0.0
17,1.0,1.0,0.0
18,1.0,1.0,0.0
19,1.0,1.0,0.0
20,1.0,1.0,0.0
21,1.0,1.0,0.0
22,1.0,1.0,0.0
23,1.0,1.0,0.0
24,1.0,1.0,0.0
25,1.0,1.0,0.0
26,1.0,1.0,0.0
27,1.0,1.0,0.0
28,1.0,1.0,0.0
29,1.0,1.0,0.0
30,1.0,1.0,0.0
31,1.0,1.0,0.0
32,1.0,1.0,0.0
33,1.0,1.0,0.0
34,1.0,1.0,0.0
35,1.0,1.0,0.0
36,1.0,1.0,0.0
37,1.0,1.0,0.0
38,1.0,1.0,0.0
39,1.0,1.0,0.0
40,1.0,1.0,0.0
41,1.0,1.0,0.0
42,1.0,1.0,0.0
43,1.0,1.0,0.0
44,1.0,1.0,0.0
45,1.0,1.0,0.0
46,1.0,1.0,0.0
47,1.0,1.0,0.0
48,1.0,1.0,0.0
49,1.0,1.0,0.0
50,1.0,1.0,0.0
51,1.0,1.0,0.0
52,1.0,1.0,0.0
53,1.0,1.0,0.0
54,1.0,1.0,0.0
55,1.0,1.0,0.0
56,1.0,1.0,0.0
57,1.0,1.0,0.0
58,1.0,1.0,0.0
59,1.0,1.0,0.0
60,1.0,1.0,0.0
61,1.0,1.0,0.0
62,1.0,1.0,0.0
63,1.0,1.0,0.0
64,1.0,1.0,0.0
65,1.0,1.0,0.0
66,1.0,1.0,0.0
67,1.0,1.0,0.0
68,1.0,1.0,0.0
69,1.0,1.0,0.0
70,1.0,1.0,0.0
71,1.0,1.0,0.0
72,1.0,1.0,0.0
73,1.0,1.0,0.0
74,1.0,1.0,0.0
75,1.0,1.0,0.0
76,1.0,1.0,0.0
77,1.0,1.0,0.0
78,1.0,1.0,0.0
79,1.0,1.0,0.0
80,1.0,1.0,0.0
81,1.0,1.0,0.0
82,1.0,1.0,0.0
83,1.0,1.0,0.0
84,1.0,1.0,0.0
85,1.0,1.0,0.0
86,1.0,1.0,0.0
87,1.0,1.0,0.0
88,1.0,1.0,0.0
89,1.0,1.0,0.0
90,1.0,1.0,0.0
91,1.0,1.0,0.0
92,1.0,1.0,0.0
93,1.0,1.0,0.0
94,1.0,1.0,0.0
95,1.0,1.0,0.0
96,1.0,1.0,0.0
97,1.0,1.0,0.0
98,1.0,1.0,0.0
99,1.0,1.0,0.0
100,1.0,1.0,0.0
101,1.0,1.0,0.0
102,1.0,1.0,0.0
103,1.0,1.0,0.0
104,1.0,1.0,0.0
105,1.0,1.0,0.0
106,1.0,1.0,0.0
107,1.0,1.0,0.0
108,1.0,1.0,0.0
109,1.0,1.0,0.0
110,1.0,1.0,0.0
111,1.0,1.0,0.0
112,1.0,1.0,0.0
113,1.0,1.0,0.0
114,1.0,1.0,0.0
115,1.0,1.0,0.0
116,1.0,1.0,0.0
117,1.0,1.0,0.0
118,1.0,1.0,0.0
119,1.0,1.0,0.0
120,1.0,1.0,0.0
121,1.0,1.0,0.0
122,1.0,1.0,0.0
123,1.0,1.0,0.0
124,1.0,1.0,0.0
125,1.0,1.0,0.0
126,1.0,1.0,0.0
127,1.0,1.0,0.0
128,1.0,1.0,0.0
129,1.0,1.0,0.0
130,1.0,1.0,0.0
131,1.0,1.0,0.0
132,1.0,1.0,0.0
133,1.0,1.0,0.0
134,1.0,1.0,0.0
135,1.0,1.0,0.0
136,1.0,1.0,0.0
137,1.0,1.0,0.0
138,1.0,1.0,0.0
139,1.0,1.0,0.0
140,1.0,1.0,0.0
141,1.0,1.0,0.0
142,1.0,1.0,0.0
143,1.0,1.0,0.0
144,1.0,1.0,0.0
145,1.0,1.0,0.0
146,1.0,1.0,0.0
147,1.0,1.0,0.0
148,1.0,1.0,0.0
149,1.0,1.0,0.0
150,1.0,1.0,0.0
151,1.0,1.0,0.0
152,1.0,1.0,0.0
153,1.0,1.0,0.0
154,1.0,1.0,0.0
155,1.0,1.0,0.0
156,1.0,1.0,0.0
157,1.0,1.0,0.0
158,1.0,1.0,0.0
159,1.0,1.0,0.0
160,1.0,1.0,0.0
161,1.0,1.0,0.0
162,1.0,1.0,0.0
163,1.0,1.0,0.0
164,1.0,1.0,0.0
165,1.0,1.0,0.0
166,1.0,1.0,0.0
167,1.0,1.0,0.0
168,1.0,1.0,0.0
169,1.0,1.0,0.0
170,1.0,1.0,0.0
171,1.0,1.0,0.0
172,1.0,1.0,0.0
173,1.0,1.0,0.0
174,1.0,1.0,0.0
175,1.0,1.0,0.0
176,1.0,1.0,0.0
177,1.0,1.0,0.0
178,1.0,1.0,0.0
179,1.0,1.0,0.0
180,1.0,1.0,0.0
181,1.0,1.0,0.0
182,1.0,1.0,0.0
183,1.0,1.0,0.0
184,1.0,1.0,0.0
185,1.0,1.0,0.0
186,1.0,1.0,0.0
187,1.0,1.0,0.0
188,1.0,1.0,0.0
189,1.0,1.0,0.0
190,1.0,1.0,0.0
191,1.0,1.0,0.0
192,1.0,1.0,0.0
193,1.0,1.0,0.0
194,1.0,1.0,0.0
195,1.0,1.0,0.0
196,1.0,1.0,0.0
197,1.0,1.0,0.0
198,1.0,1.0,0.0
199,1.0,1.0,0.0
200,1.0,1.0,0.0
201,1.0,1.0,0.0
202,1.0,1.0,0.0
203,1.0,1.0,0.0
204,1.0,1.0,0.0
205,1.0,1.0,0.0
206,1.0,1.0,0.0
207,1.0,1.0,0.0
208,1.0,1.0,0.0
209,1.0,1.0,0.0
210,1.0,1.0,0.0
211,1.0,1.0,0.0
212,1.0,1.0,0.0
213,1.0,1.0,0.0
214,1.0,1.0,0.0
215,1.0,1.0,0.0
216,1.0,1.0,0.0
217,1.0,1.0,0.0
218,1.0,1.0,0.0
219,1.0,1.0,0.0
220,1.0,1.0,0.0
221,1.0,1.0,0.0
222,1.0,1.0,0.0
223,1.0,1.0,0.0
224,1.0,1.0,0.0
225,1.0,1.0,0.0
226,1.0,1.0,0.0
227,1.0,1.0,0.0
228,1.0,1.0,0.0
229,1.0,1.0,0.0
230,1.0,1.0,0.0
231,1.0,1.0,0.0
232,1.0,1.0,0.0
233,1.0,1.0,0.0
234,1.0,1.0,0.0
235,1.0,1.0,0.0
236,1.0,1.0,0.0
237,1.0,1.0,0.0
238,1.0,1.0,0.0
239,1.0,1.0,0.0
240,1.0,1.0,0.0
241,1.0,1.0,0.0
242,1.0,1.0,0.0
243,1.0,1.0,0.0
244,1.0,1.0,0.0
245,1.0,1.0,0.0
246,1.0,1.0,0.0
247,1.0,1.0,0.0
248,1.0,1.0,0.0
249,1.0,1.0,0.0
250,1.0,1.0,0.0
251,1.0,1.0,0.0
252,1.0,1.0,0.0
253,1.0,1.0,0.0
254,1.0,1.0,0.0
255,1.0,1.0,0.0
256,1.0,1.0,0.0
257,1.0,1.0,0.0
258,1.0,1.0,0.0
259,1.0,1.0,0.0
260,1.0,1.0,0.0
261,1.0,1.0,0.0
262,1.0,1.0,0.0
263,1.0,1.0,0.0
264,1.0,1.0,0.0
265,1.0,1.0,0.0
266,1.0,1.0,0.0
267,1.0,1.0,0.0
268,1.0,1.0,0.0
269,1.0,1.0,0.0
270,1.0,1.0,0.0
271,1.0,1.0,0.0
272,1.0,1.0,0.0
273,1.0,1.0,0.0
274,1.0,1.0,0.0
275,1.0,1.0,0.0
276,1.0,1.0,0.0
277,1.0,1.0,0.0
278,1.0,1.0,0.0
279,1.0,1.0,0.0
280,1.0,1.0,0.0
281,1.0,1.0,0.0
282,1.0,1.0,0.0
283,1.0,1.0,0.0
284,1.0,1.0,0.0
285,1.0,1.0,0.0
286,1.0,1.0,0.0
287,1.0,1.0,0.0
288,1.0,1.0,0.0
289,1.0,1.0,0.0
290,1.0,1.0,0.0
291,1.0,1.0,0.0
292,1.0,1.0,0.0
293,1.0,1.0,0.0
294,1.0,1.0,0.0
295,1.0,1.0,0.0
296,1.0,1.0,0.0
297,1.0,1.0,0.0
298,1.0,1.0,0.0
299,1.0,1.0,0.0
300,1.0,1.0,0.0
301,1.0,1.0,0.0
302,1.0,1.0,0.0
303,1.0,1.0,0.0
304,1.0,1.0,0.0
305,1.0,1.0,0.0
306,1.0,1.0,0.0
307,1.0,1.0,0.0
308,1.0,1.0,0.0
309,1.0,1.0,0.0
310,1.0,1.0,0.0
311,1.0,1.0,0.0
312,1.0,1.0,0.0
313,1.0,1.0,0.0
314,1.0,1.0,0.0
315,1.0,1.0,0.0
316,1.0,1.0,0.0
317,1.0,1.0,0.0
318,1.0,1.0,0.0
319,1.0,1.0,0.0
320,1.0,1.0,0.0
321,1.0,1.0,0.0
322,1.0,1.0,0.0
323,1.0,1.0,0.0
324,1.0,1.0,0.0
325,1.0,1.0,0.0
326,1.0,1.0,0.0
327,1.0,1.0,0.0
328,1.0,1.0,0.0
329,1.0,1.0,0.0
330,1.0,1.0,0.0
331,1.0,1.0,0.0
332,1.0,1.0,0.0
333,1.0,1.0,0.0
334,1.0,1.0,0.0
335,1.0,1.0,0.0
336,1.0,1.0,0.0
337,1.0,1.0,0.0
338,1.0,1.0,0.0
339,1.0,1.0,0.0
340,1.0,1.0,0.0
341,1.0,1.0,0.0
342,1.0,1.0,0.0
343,1.0,1.0,0.0
344,1.0,1.0,0.0
345,1.0,1.0,0.0
346,1.0,1.0,0.0
347,1.0,1.0,0.0
348,1.0,1.0,0.0
349,1.0,1.0,0.0
350,1.0,1.0,0.0
351,1.0,1.0,0.0
352,1.0,1.0,0.0
353,1.0,1.0,0.0
354,1.0,1.0,0.0
355,1.0,1.0,0.0
356,1.0,1.0,0.0
357,1.0,1.0,0.0
358,1.0,1.0,0.0
359,1.0,1.0,0.0
360,1.0,1.0,0.0
361,1.0,1.0,0.0
362,1.0,1.0,0.0
363,1.0,1.0,0.0
364,1.0,1.0,0.0
365,1.0,1.0,0.0
366,1.0,1.0,0.0
367,1.0,1.0,0.0
368,1.0,1.0,0.0
369,1.0,1.0,0.0
370,1.0,1.0,0.0
371,1.0,1.0,0.0
372,1.0,1.0,0.0
373,1.0,1.0,0.0
374,1.0,1.0,0.0
375,1.0,1.0,0.0
376,1.0,1.0,0.0
377,1.0,1.0,0.0
378,1.0,1.0,0.0
379,1.0,1.0,0.0
380,1.0,1.0,0.0
381,1.0,1.0,0.0
382,1.0,1.0,0.0
383,1.0,1.0,0.0
384,1.0,1.0,0.0
385,1.0,1.0,0.0
386,1.0,1.0,0.0
387,1.0,1.0,0.0
388,1.0,1.0,0.0
389,1.0,1.0,0.0
390,1.0,1.0,0.0
391,1.0,1.0,0.0
392,1.0,1.0,0.0
393,1.0,1.0,0.0
394,1.0,1.0,0.0
395,1.0,1.0,0.0
396,1.0,1.0,0.0
397,1.0,1.0,0.0
398,1.0,1.0,0.0
399,1.0,1.0,0.0
400,1.0,1.0,0.0
401,1.0,1.0,0.0
402,1.0,1.0,0.0
403,1.0,1.0,0.0
404,1.0,1.0,0.0
405,1.0,1.0,0.0
406,1.0,1.0,0.0
407,1.0,1.0,0.0
408,1.0,1.0,0.0
409,1.0,1.0,0.0
410,1.0,1.0,0.0
411,1.0,1.0,0.0
412,1.0,1.0,0.0
413,1.0,1.0,0.0
414,1.0,1.0,0.0
415,1.0,1.0,0.0
416,1.0,1.0,0.0
417,1.0,1.0,0.0
418,1.0,1.0,0.0
419,1.0,1.0,0.0
420,1.0,1.0,0.0
421,1.0,1.0,0.0
422,1.0,1.0,0.0
423,1.0,1.0,0.0
424,1.0,1.0,0.0
425,1.0,1.0,0.0
426,1.0,1.0,0.0
427,1.0,1.0,0.0
428,1.0,1.0,0.0
429,1.0,1.0,0.0
430,1.0,1.0,0.0
431,1.0,1.0,0.0
432,1.0,1.0,0.0
433,1.0,1.0,0.0
434,1.0,1.0,0.0
435,1.0,1.0,0.0
436,1.0,1.0,0.0
437,1.0,1.0,0.0
438,1.0,1.0,0.0
439,1.0,1.0,0.0
440,1.0,1.0,0.0
441,1.0,1.0,0.0
442,1.0,1.0,0.0
443,1.0,1.0,0.0
444,1.0,1.0,0.0
445,1.0,1.0,0.0
446,1.0,1.0,0.0
447,1.0,1.0,0.0
448,1.0,1.0,0.0
449,1.0,1.0,0.0
450,1.0,1.0,0.0
451,1.0,1.0,0.0
452,1.0,1.0,0.0
453,1.0,1.0,0.0
454,1.0,1.0,0.0
455,1.0,1.0,0.0
456,1.0,1.0,0.0
457,1.0,1.0,0.0
458,1.0,1.0,0.0
459,1.0,1.0,0.0
460,1.0,1.0,0.0
461,1.0,1.0,0.0
462,1.0,1.0,0.0
463,1.0,1.0,0.0
464,1.0,1.0,0.0
465,1.0,1.0,0.0
466,1.0,1.0,0.0
467,1.0,1.0,0.0
468,1.0,1.0,0.0
469,1.0,1.0,0.0
470,1.0,1.0,0.0
471,1.0,1.0,0.0
472,1.0,1.0,0.0
473,1.0,1.0,0.0
474,1.0,1.0,0.0
475,1.0,1.0,0.0
476,1.0,1.0,0.0
477,1.0,1.0,0.0
478,1.0,1.0,0.0
479,1.0,1.0,0.0
480,1.0,1.0,0.0
481,1.0,1.0,0.0
482,1.0,1.0,0.0
483,1.0,1.0,0.0
484,1.0,1.0,0.0
485,1.0,1.0,0.0
486,1.0,1.0,0.0
487,1.0,1.0,0.0
488,1.0,1.0,0.0
489,1.0,1.0,0.0
490,1.0,1.0,0.0
491,1.0,1.0,0.0
492,1.0,1.0,0.0
493,1.0,1.0,0.0
494,1.0,1.0,0.0
495,1.0,1.0,0.0
496,1.0,1.0,0.0
497,1.0,1.0,0.0
498,1.0,1.0,0.0
499,1.0,1.0,0.0
500,1.0,1.0,0.0
501,1.0,1.0,0.0
502,1.0,1.0,0.0
503,1.0,1.0,0.0
504,1.0,1.0,0.0
505,1.0,1.0,0.0
506,1.0,1.0,0.0
507,1.0,1.0,0.0
508,1.0,1.0,0.0
509,1.0,1.0,0.0
510,1.0,1.0,0.0
511,1.0,1.0,0.0
512,1.0,1.0,0.0
513,1.0,1.0,0.0
514,1.0,1.0,0.0
515,1.0,1.0,0.0
516,1.0,1.0,0.0
517,1.0,1.0,0.0
518,1.0,1.0,0.0
519,1.0,1.0,0.0
520,1.0,1.0,0.0
521,1.0,1.0,0.0
522,1.0,1.0,0.0
523,1.0,1.0,0.0
524,1.0,1.0,0.0
525,1.0,1.0,0.0
526,1.0,1.0,0.0
527,1.0,1.0,0.0
528,1.0,1.0,0.0
529,1.0,1.0,0.0
530,1.0,1.0,0.0
531,1.0,1.0,0.0
532,1.0,1.0,0.0
533,1.0,1.0,0.0
534,1.0,1.0,0.0
535,1.0,1.0,0.0
536,1.0,1.0,0.0
537,1.0,1.0,0.0
538,1.0,1.0,0.0
539,1.0,1.0,0.0
540,1.0,1.0,0.0
541,1.0,1.0,0.0
542,1.0,1.0,0.0
543,1.0,1.0,0.0
544,1.0,1.0,0.0
545,1.0,1.0,0.0
546,1.0,1.0,0.0
547,1.0,1.0,0.0
548,1.0,1.0,0.0
549,1.0,1.0,0.0
550,1.0,1.0,0.0
551,1.0,1.0,0.0
552,1.0,1.0,0.0
553,1.0,1.0,0.0
554,1.0,1.0,0.0
555,1.0,1.0,0.0
556,1.0,1.0,0.0
557,1.0,1.0,0.0
558,1.0,1.0,0.0
559,1.0,1.0,0.0
560,1.0,0.7060367454068242,1.57e-05
561,1.0,0.705511811023622,5.12e-05
562,1.0,0.7049868766404199,6.2e-05
563,1.0,0.7044619422572178,6.32e-05
564,1.0,0.7039370078740157,9.87e-05
565,1.0,0.7034120734908137,0.0001436
566,1.0,0.7028871391076116,0.0001706
567,1.0,0.7023622047244095,0.0001874
568,1.0,0.7018372703412074,0.0002038
569,1.0,0.7013123359580052,0.0002053
570,1.0,0.7007874015748031,0.0002306
571,1.0,0.700262467191601,0.0002834
572,1.0,0.6997375328083989,0.0002838
573,1.0,0.6992125984251969,0.0003669
574,1.0,0.6986876640419948,0.0003671
575,1.0,0.6981627296587927,0.0003704
576,1.0,0.6976377952755906,0.0003777
577,1.0,0.6971128608923884,0.0004003
578,1.0,0.6965879265091863,0.0004039
579,1.0,0.6960629921259842,0.0004236
580,1.0,0.6955380577427821,0.0004417
581,1.0,0.6950131233595801,0.0004656
582,1.0,0.694488188976378,0.0004685
583,1.0,0.6939632545931759,0.0005385
584,1.0,0.6934383202099738,0.0005476
585,1.0,0.6929133858267716,0.0005738
586,1.0,0.6923884514435695,0.0005789
587,1.0,0.6918635170603674,0.0005795
588,1.0,0.6913385826771653,0.0005885
589,1.0,0.6908136482939633,0.000619
590,1.0,0.6902887139107612,0.0006607
591,1.0,0.6897637795275591,0.0006663
592,1.0,0.689238845144357,0.0006759
593,1.0,0.6887139107611548,0.0006833
594,1.0,0.6881889763779527,0.0006914
595,1.0,0.6876640419947506,0.000697
596,1.0,0.6871391076115485,0.0007037
597,1.0,0.6866141732283465,0.0007102
598,1.0,0.6860892388451444,0.0007136
599,1.0,0.6855643044619423,0.000733
600,1.0,0.6850393700787402,0.0007706
601,1.0,0.684514435695538,0.0008015
602,1.0,0.6839895013123359,0.0008033
603,1.0,0.6834645669291338,0.0008295
604,1.0,0.6829396325459317,0.0008353
605,1.0,0.6824146981627297,0.0008481
606,1.0,0.6818897637795276,0.0008517
607,1.0,0.6813648293963255,0.0008677
608,1.0,0.6808398950131234,0.0008723
609,1.0,0.6803149606299213,0.0008912
610,1.0,0.6797900262467191,0.0008997
611,1.0,0.679265091863517,0.0009266
612,1.0,0.6787401574803149,0.0009307
613,1.0,0.6782152230971129,0.0009521
614,1.0,0.6776902887139108,0.0009702
615,1.0,0.6771653543307087,0.0010136
616,1.0,0.6766404199475066,0.0010164
617,1.0,0.6761154855643045,0.0010169
618,1.0,0.6755905511811023,0.0010475
619,1.0,0.6750656167979002,0.0010803
620,1.0,0.6745406824146981,0.0010861
621,1.0,0.6740157480314961,0.0010895
622,1.0,0.673490813648294,0.0011075
623,1.0,0.6729658792650919,0.0011388
624,1.0,0.6724409448818898,0.001152
625,1.0,0.6719160104986877,0.0011618
626,1.0,0.6713910761154855,0.0011653
627,1.0,0.6708661417322834,0.0011705
628,1.0,0.6703412073490813,0.0011844
629,1.0,0.6698162729658793,0.0012145
630,1.0,0.6692913385826772,0.0012301
631,1.0,0.6687664041994751,0.0012348
632,1.0,0.668241469816273,0.001236
633,1.0,0.6677165354330709,0.001237
634,1.0,0.6671916010498687,0.001243
635,1.0,0.6666666666666666,0.0012946
636,1.0,0.6661417322834645,0.0013028
637,1.0,0.6656167979002625,0.0013131
638,0.967741935483871,0.6656167979002625,0.0013279
639,0.967741935483871,0.6650918635170604,0.0013403
640,0.967741935483871,0.6645669291338583,0.0013502
641,0.967741935483871,0.6640419947506562,0.0013535
642,0.967741935483871,0.6635170603674541,0.0013733
643,0.967741935483871,0.662992125984252,0.0013825
644,0.967741935483871,0.6624671916010498,0.0013962
645,0.967741935483871,0.6619422572178477,0.0014029
646,0.967741935483871,0.6614173228346457,0.0014184
647,0.967741935483871,0.6608923884514436,0.0014231
648,0.967741935483871,0.6603674540682415,0.0014328
649,0.967741935483871,0.6603674540682415,0.0014328
650,0.967741935483871,0.6593175853018373,0.0014485
651,0.967741935483871,0.6587926509186351,0.0014669
652,0.967741935483871,0.658267716535433,0.0014845
653,0.967741935483871,0.6577427821522309,0.0014906
654,0.967741935483871,0.6572178477690289,0.0015045
655,0.967741935483871,0.6566929133858268,0.001522
656,0.967741935483871,0.6561679790026247,0.0015325
657,0.967741935483871,0.6556430446194226,0.001533
658,0.967741935483871,0.6551181102362205,0.001537
659,0.967741935483871,0.6545931758530183,0.0015371
660,0.967741935483871,0.6540682414698162,0.0015511
661,0.967741935483871,0.6535433070866141,0.0015815
662,0.967741935483871,0.6530183727034121,0.001599
663,0.967741935483871,0.65249343832021,0.0016039
664,0.967741935483871,0.6519685039370079,0.001605
665,0.967741935483871,0.6514435695538058,0.0016178
666,0.967741935483871,0.6509186351706037,0.0016305
667,0.967741935483871,0.6503937007874016,0.0016587
668,0.967741935483871,0.6498687664041994,0.0016595
669,0.967741935483871,0.6493438320209973,0.0016714
670,0.967741935483871,0.6488188976377953,0.0017515
671,0.967741935483871,0.6482939632545932,0.001765
672,0.967741935483871,0.6477690288713911,0.0017992
673,0.967741935483871,0.647244094488189,0.0018044
674,0.967741935483871,0.6467191601049869,0.0018508
675,0.967741935483871,0.6461942257217848,0.0018522
676,0.967741935483871,0.6456692913385826,0.0018541
677,0.967741935483871,0.6451443569553805,0.0018625
678,0.967741935483871,0.6446194225721785,0.0018642
679,0.967741935483871,0.6440944881889764,0.0018645
680,0.967741935483871,0.6435695538057743,0.0018777
681,0.967741935483871,0.6430446194225722,0.0019063
682,0.967741935483871,0.6425196850393701,0.0019153
683,0.967741935483871,0.641994750656168,0.0019376
684,0.967741935483871,0.6414698162729658,0.0019686
685,0.967741935483871,0.6409448818897637,0.0019687
686,0.967741935483871,0.6404199475065617,0.0020236
687,0.967741935483871,0.6398950131233596,0.0020299
688,0.967741935483871,0.6393700787401575,0.0020524
689,0.967741935483871,0.6388451443569554,0.0020843
690,0.967741935483871,0.6383202099737533,0.0020909
691,0.967741935483871,0.6377952755905512,0.0021263
692,0.967741935483871,0.637270341207349,0.0021418
693,0.967741935483871,0.6367454068241469,0.0022199
694,0.967741935483871,0.6362204724409449,0.0022249
695,0.967741935483871,0.6356955380577428,0.0022358
696,0.967741935483871,0.6351706036745407,0.0022677
697,0.967741935483871,0.6346456692913386,0.0022779
698,0.967741935483871,0.6341207349081365,0.0022828
699,0.967741935483871,0.6335958005249344,0.0022924
700,0.967741935483871,0.6330708661417322,0.0023041
701,0.967741935483871,0.6325459317585301,0.0023097
702,0.967741935483871,0.6320209973753281,0.0023206
703,0.967741935483871,0.631496062992126,0.0023379
704,0.967741935483871,0.6309711286089239,0.0023407
705,0.967741935483871,0.6304461942257218,0.0023804
706,0.967741935483871,0.6299212598425197,0.0023939
707,0.967741935483871,0.6293963254593176,0.0024088
708,0.967741935483871,0.6288713910761154,0.0024118
709,0.967741935483871,0.6283464566929133,0.002419
710,0.967741935483871,0.6278215223097113,0.0024204
711,0.967741935483871,0.6272965879265092,0.0024244
712,0.967741935483871,0.6267716535433071,0.0024316
713,0.967741935483871,0.626246719160105,0.0024373
714,0.967741935483871,0.6257217847769029,0.0024549
715,0.967741935483871,0.6251968503937008,0.0024917
716,0.967741935483871,0.6246719160104987,0.0024993
717,0.967741935483871,0.6241469816272965,0.0025137
718,0.967741935483871,0.6236220472440945,0.0025235
719,0.967741935483871,0.6230971128608924,0.0025373
720,0.967741935483871,0.6225721784776903,0.0025413
721,0.967741935483871,0.6220472440944882,0.0025535
722,0.967741935483871,0.6215223097112861,0.0025583
723,0.967741935483871,0.620997375328084,0.0025638
724,0.967741935483871,0.6204724409448819,0.0025931
725,0.967741935483871,0.6199475065616797,0.0026106
726,0.967741935483871,0.6194225721784777,0.0026192
727,0.967741935483871,0.6188976377952756,0.0026414
728,0.967741935483871,0.6183727034120735,0.0026458
729,0.967741935483871,0.6178477690288714,0.0026799
730,0.967741935483871,0.6173228346456693,0.0026953
731,0.967741935483871,0.6167979002624672,0.0026999
732,0.967741935483871,0.6162729658792651,0.0027037
733,0.967741935483871,0.6157480314960629,0.0027576
734,0.967741935483871,0.6152230971128609,0.0027709
735,0.967741935483871,0.6146981627296588,0.0028158
736,0.967741935483871,0.6141732283464567,0.0028171
737,0.967741935483871,0.6136482939632546,0.0028204
738,0.967741935483871,0.6131233595800525,0.0028243
739,0.967741935483871,0.6125984251968504,0.0028337
740,0.967741935483871,0.6120734908136483,0.0028353
741,0.967741935483871,0.6115485564304461,0.0028377
742,0.967741935483871,0.6110236220472441,0.0028441
743,0.967741935483871,0.610498687664042,0.0028702
744,0.967741935483871,0.6099737532808399,0.0028722
745,0.9354838709677419,0.6099737532808399,0.002882
746,0.9354838709677419,0.6094488188976378,0.0028945
747,0.9354838709677419,0.6089238845144357,0.0029055
748,0.9354838709677419,0.6083989501312336,0.002919
749,0.9354838709677419,0.6078740157480315,0.0029425
750,0.9354838709677419,0.6073490813648293,0.0029509
751,0.9354838709677419,0.6068241469816273,0.0029637
752,0.9354838709677419,0.6062992125984252,0.0029666
753,0.9354838709677419,0.6057742782152231,0.0029755
754,0.9354838709677419,0.605249343832021,0.0029826
755,0.9354838709677419,0.6047244094488189,0.0029885
756,0.9354838709677419,0.6041994750656168,0.002989
757,0.9354838709677419,0.6036745406824147,0.0029959
758,0.9354838709677419,0.6031496062992125,0.0030359
759,0.9354838709677419,0.6026246719160105,0.003044
760,0.9354838709677419,0.6020997375328084,0.0030489
761,0.9354838709677419,0.6015748031496063,0.0030583
762,0.9354838709677419,0.6010498687664042,0.0030701
763,0.9354838709677419,0.6005249343832021,0.003072
764,0.9354838709677419,0.6,0.0030775
765,0.9354838709677419,0.5994750656167979,0.0030971
766,0.9354838709677419,0.5989501312335958,0.0030983
767,0.9354838709677419,0.5984251968503937,0.0031094
768,0.9354838709677419,0.5979002624671916,0.0031171
769,0.9354838709677419,0.5973753280839895,0.0031262
770,0.9354838709677419,0.5968503937007874,0.0031288
771,0.9354838709677419,0.5963254593175853,0.0031596
772,0.9354838709677419,0.5958005249343832,0.003166
773,0.9354838709677419,0.5952755905511811,0.0031764
774,0.9354838709677419,0.594750656167979,0.0031818
775,0.9354838709677419,0.594225721784777,0.0031859
776,0.9354838709677419,0.5937007874015748,0.0032006
777,0.9354838709677419,0.5931758530183727,0.0032041
778,0.9354838709677419,0.5926509186351706,0.0032301
779,0.9354838709677419,0.5921259842519685,0.0032433
780,0.9354838709677419,0.5916010498687664,0.0032517
781,0.9354838709677419,0.5910761154855643,0.0032605
782,0.9354838709677419,0.5905511811023622,0.0032627
783,0.9354838709677419,0.5900262467191602,0.00327
784,0.9354838709677419,0.589501312335958,0.0032705
785,0.9354838709677419,0.5889763779527559,0.0032714
786,0.9354838709677419,0.5884514435695538,0.0032806
787,0.9354838709677419,0.5879265091863517,0.0032914
788,0.9354838709677419,0.5874015748031496,0.0032931
789,0.9354838709677419,0.5868766404199475,0.0033003
790,0.9354838709677419,0.5863517060367454,0.0033081
791,0.9354838709677419,0.5858267716535434,0.003309
792,0.9354838709677419,0.5853018372703412,0.0033218
793,0.9354838709677419,0.5847769028871391,0.0033226
794,0.9354838709677419,0.584251968503937,0.0033255
795,0.9354838709677419,0.5837270341207349,0.003326
796,0.9354838709677419,0.5832020997375328,0.0033365
797,0.9354838709677419,0.5826771653543307,0.0033496
798,0.9354838709677419,0.5821522309711286,0.0033554
799,0.9354838709677419,0.5816272965879266,0.0033609
800,0.9354838709677419,0.5811023622047244,0.0033893
801,0.9354838709677419,0.5805774278215223,0.0033898
802,0.9354838709677419,0.5800524934383202,0.0033911
803,0.9354838709677419,0.5795275590551181,0.0034002
804,0.9354838709677419,0.579002624671916,0.0034151
805,0.9354838709677419,0.5784776902887139,0.0034378
806,0.9354838709677419,0.5779527559055118,0.0034406
807,0.9354838709677419,0.5774278215223098,0.0034413
808,0.9354838709677419,0.5769028871391076,0.0034439
809,0.9354838709677419,0.5763779527559055,0.0034494
810,0.9354838709677419,0.5758530183727034,0.0034619
811,0.9354838709677419,0.5753280839895013,0.0034865
812,0.9354838709677419,0.5748031496062992,0.0035139
813,0.9354838709677419,0.5742782152230971,0.0035145
814,0.9354838709677419,0.573753280839895,0.00352
815,0.9354838709677419,0.573228346456693,0.0035319
816,0.9354838709677419,0.5727034120734908,0.0035515
817,0.9032258064516129,0.5727034120734908,0.0035637
818,0.9032258064516129,0.5721784776902887,0.0035732
819,0.9032258064516129,0.5716535433070866,0.0035849
820,0.9032258064516129,0.5711286089238845,0.0035948
821,0.9032258064516129,0.5706036745406824,0.0036145
822,0.9032258064516129,0.5700787401574803,0.0036148
823,0.9032258064516129,0.5695538057742782,0.0036165
824,0.9032258064516129,0.5690288713910762,0.003628
825,0.9032258064516129,0.568503937007874,0.0036449
826,0.9032258064516129,0.5679790026246719,0.0036797
827,0.9032258064516129,0.5674540682414698,0.0036826
828,0.9032258064516129,0.5669291338582677,0.0037151
829,0.9032258064516129,0.5664041994750656,0.0037194
830,0.9032258064516129,0.5658792650918635,0.0037196
831,0.9032258064516129,0.5653543307086614,0.0037274
832,0.9032258064516129,0.5648293963254594,0.0037622
833,0.9032258064516129,0.5643044619422573,0.0037658
834,0.9032258064516129,0.5637795275590551,0.0037747
835,0.9032258064516129,0.563254593175853,0.0037886
836,0.9032258064516129,0.5627296587926509,0.0037974
837,0.9032258064516129,0.5622047244094488,0.0038189
838,0.9032258064516129,0.5616797900262467,0.0038213
839,0.9032258064516129,0.5611548556430446,0.0038381
840,0.9032258064516129,0.5606299212598426,0.0038388
841,0.9032258064516129,0.5601049868766405,0.0038478
842,0.9032258064516129,0.5595800524934383,0.0038619
843,0.9032258064516129,0.5590551181102362,0.0038773
844,0.9032258064516129,0.5585301837270341,0.0038781
845,0.9032258064516129,0.558005249343832,0.0038819
846,0.9032258064516129,0.5574803149606299,0.003907
847,0.9032258064516129,0.5569553805774278,0.0039074
848,0.9032258064516129,0.5564304461942258,0.0039114
849,0.9032258064516129,0.5559055118110237,0.0039232
850,0.9032258064516129,0.5553805774278215,0.0039305
851,0.9032258064516129,0.5548556430446194,0.0039422
852,0.9032258064516129,0.5543307086614173,0.0039435
853,0.9032258064516129,0.5538057742782152,0.0039438
854,0.9032258064516129,0.5532808398950131,0.0039528
855,0.9032258064516129,0.552755905511811,0.0039702
856,0.9032258064516129,0.552230971128609,0.0039751
857,0.9032258064516129,0.5517060367454069,0.0039788
858,0.9032258064516129,0.5511811023622047,0.0039822
859,0.9032258064516129,0.5506561679790026,0.0039831
860,0.9032258064516129,0.5501312335958005,0.0039933
861,0.9032258064516129,0.5496062992125984,0.004007
862,0.9032258064516129,0.5490813648293963,0.0040205
863,0.9032258064516129,0.5485564304461942,0.0040249
864,0.9032258064516129,0.5480314960629922,0.0040253
865,0.9032258064516129,0.5475065616797901,0.0040308
866,0.9032258064516129,0.546981627296588,0.004032
867,0.9032258064516129,0.5464566929133858,0.0040585
868,0.9032258064516129,0.5459317585301837,0.004068
869,0.9032258064516129,0.5454068241469816,0.0040759
870,0.9032258064516129,0.5448818897637795,0.0040828
871,0.9032258064516129,0.5443569553805774,0.0041036
872,0.9032258064516129,0.5438320209973754,0.0041095
873,0.9032258064516129,0.5433070866141733,0.0041143
874,0.9032258064516129,0.5427821522309711,0.0041393
875,0.9032258064516129,0.542257217847769,0.0041429
876,0.9032258064516129,0.5417322834645669,0.0041531
877,0.9032258064516129,0.5412073490813648,0.0041718
878,0.9032258064516129,0.5406824146981627,0.0041793
879,0.9032258064516129,0.5401574803149606,0.0041972
880,0.9032258064516129,0.5396325459317586,0.0041993
881,0.9032258064516129,0.5391076115485565,0.0042112
882,0.9032258064516129,0.5385826771653544,0.0042132
883,0.9032258064516129,0.5380577427821522,0.0042141
884,0.9032258064516129,0.5375328083989501,0.0042226
885,0.9032258064516129,0.537007874015748,0.0042371
886,0.9032258064516129,0.5364829396325459,0.0042389
887,0.9032258064516129,0.5359580052493438,0.0042622
888,0.9032258064516129,0.5354330708661418,0.0042842
889,0.9032258064516129,0.5349081364829397,0.0042949
890,0.9032258064516129,0.5343832020997376,0.0043028
891,0.9032258064516129,0.5338582677165354,0.004334
892,0.9032258064516129,0.5333333333333333,0.0043375
893,0.9032258064516129,0.5328083989501312,0.0043385
894,0.9032258064516129,0.5328083989501312,0.0043385
895,0.9032258064516129,0.531758530183727,0.0043418
896,0.9032258064516129,0.531233595800525,0.0043497
897,0.9032258064516129,0.5307086614173229,0.0043588
898,0.9032258064516129,0.5301837270341208,0.0043628
899,0.9032258064516129,0.5296587926509186,0.0043802
900,0.9032258064516129,0.5291338582677165,0.0044078
901,0.9032258064516129,0.5286089238845144,0.0044085
902,0.9032258064516129,0.5280839895013123,0.0044114
903,0.9032258064516129,0.5275590551181102,0.0044291
904,0.9032258064516129,0.5270341207349082,0.0044416
905,0.9032258064516129,0.5265091863517061,0.0044543
906,0.9032258064516129,0.525984251968504,0.0044631
907,0.9032258064516129,0.5254593175853018,0.0044683
908,0.9032258064516129,0.5249343832020997,0.0044738
909,0.9032258064516129,0.5244094488188976,0.0044898
910,0.9032258064516129,0.5238845144356955,0.0044931
911,0.9032258064516129,0.5233595800524934,0.0044956
912,0.9032258064516129,0.5228346456692914,0.0045016
913,0.9032258064516129,0.5223097112860893,0.0045018
914,0.9032258064516129,0.5217847769028872,0.0045094
915,0.9032258064516129,0.521259842519685,0.0045292
916,0.9032258064516129,0.5207349081364829,0.0045438
917,0.9032258064516129,0.5202099737532808,0.004571
918,0.9032258064516129,0.5196850393700787,0.0045808
919,0.9032258064516129,0.5191601049868766,0.0045821
920,0.9032258064516129,0.5186351706036746,0.0045877
921,0.9032258064516129,0.5181102362204725,0.0045952
922,0.9032258064516129,0.5175853018372704,0.0045997
923,0.9032258064516129,0.5170603674540682,0.0046106
924,0.9032258064516129,0.5170603674540682,0.0046106
925,0.9032258064516129,0.516010498687664,0.0046108
926,0.9032258064516129,0.5154855643044619,0.0046136
927,0.9032258064516129,0.5149606299212598,0.0046197
928,0.9032258064516129,0.5144356955380578,0.0046297
929,0.9032258064516129,0.5139107611548557,0.0046543
930,0.9032258064516129,0.5133858267716536,0.0046567
931,0.9032258064516129,0.5128608923884515,0.0046589
932,0.9032258064516129,0.5123359580052493,0.0046718
933,0.9032258064516129,0.5118110236220472,0.0046731
934,0.9032258064516129,0.5112860892388451,0.0046811
935,0.9032258064516129,0.510761154855643,0.0046908
936,0.9032258064516129,0.510236220472441,0.0046967
937,0.9032258064516129,0.5097112860892389,0.0046975
938,0.9032258064516129,0.5091863517060368,0.0046983
939,0.9032258064516129,0.5086614173228347,0.004702
940,0.9032258064516129,0.5081364829396325,0.0047179
941,0.9032258064516129,0.5076115485564304,0.0047182
942,0.9032258064516129,0.5070866141732283,0.0047375
943,0.9032258064516129,0.5065616797900262,0.0047487
944,0.9032258064516129,0.5060367454068242,0.0047556
945,0.9032258064516129,0.5055118110236221,0.0047575
946,0.9032258064516129,0.50498687664042,0.0047592
947,0.9032258064516129,0.5044619422572179,0.0047757
948,0.9032258064516129,0.5039370078740157,0.0047797
949,0.9032258064516129,0.5034120734908136,0.0047824
950,0.9032258064516129,0.5028871391076115,0.0047939
951,0.9032258064516129,0.5023622047244094,0.0048147
952,0.9032258064516129,0.5018372703412074,0.0048287
953,0.9032258064516129,0.5013123359580053,0.004831
954,0.9032258064516129,0.5007874015748032,0.0048319
955,0.9032258064516129,0.5002624671916011,0.0048341
956,0.9032258064516129,0.49973753280839894,0.0048368
957,0.9032258064516129,0.49921259842519683,0.0048493
958,0.9032258064516129,0.49868766404199477,0.0048541
959,0.9032258064516129,0.49816272965879266,0.0048809
960,0.9032258064516129,0.49763779527559054,0.0048863
961,0.9032258064516129,0.49711286089238843,0.0048879
962,0.9032258064516129,0.4965879265091864,0.0049107
963,0.9032258064516129,0.49606299212598426,0.0049112
964,0.9032258064516129,0.49553805774278215,0.0049221
965,0.9032258064516129,0.49501312335958003,0.0049448
966,0.9032258064516129,0.494488188976378,0.004962
967,0.9032258064516129,0.49396325459317586,0.0049646
968,0.9032258064516129,0.49343832020997375,0.0049757
969,0.9032258064516129,0.49291338582677163,0.004995
970,0.9032258064516129,0.4923884514435696,0.0049958
971,0.9032258064516129,0.49186351706036746,0.0049974
972,0.9032258064516129,0.49133858267716535,0.0050058
973,0.9032258064516129,0.49081364829396323,0.0050097
974,0.9032258064516129,0.4902887139107612,0.0050167
975,0.9032258064516129,0.48976377952755906,0.0050213
976,0.9032258064516129,0.48923884514435695,0.0050248
977,0.9032258064516129,0.48871391076115483,0.0050299
978,0.9032258064516129,0.4881889763779528,0.0050304
979,0.9032258064516129,0.48766404199475066,0.0050319
980,0.9032258064516129,0.48713910761154855,0.0050357
981,0.9032258064516129,0.48661417322834644,0.0050363
982,0.9032258064516129,0.4860892388451444,0.0050366
983,0.9032258064516129,0.48556430446194226,0.0050401
984,0.9032258064516129,0.48503937007874015,0.0050611
985,0.9032258064516129,0.48451443569553804,0.0050704
986,0.9032258064516129,0.483989501312336,0.0050781
987,0.9032258064516129,0.48346456692913387,0.0050837
988,0.9032258064516129,0.48293963254593175,0.005089
989,0.9032258064516129,0.48241469816272964,0.0051074
990,0.9032258064516129,0.4818897637795276,0.0051093
991,0.9032258064516129,0.48136482939632547,0.00511
992,0.9032258064516129,0.48083989501312335,0.0051317
993,0.9032258064516129,0.48031496062992124,0.0051402
994,0.9032258064516129,0.4797900262467192,0.0051473
995,0.9032258064516129,0.47926509186351707,0.0051494
996,0.9032258064516129,0.47874015748031495,0.0051623
997,0.9032258064516129,0.47821522309711284,0.0051663
998,0.9032258064516129,0.4776902887139108,0.0051744
999,0.9032258064516129,0.47716535433070867,0.0051873
1000,0.9032258064516129,0.47664041994750656,0.0051991
1001,0.9032258064516129,0.47611548556430444,0.0052045
1002,0.9032258064516129,0.4755905511811024,0.0052142
1003,0.9032258064516129,0.47506561679790027,0.0052155
1004,0.9032258064516129,0.47454068241469816,0.0052384
1005,0.9032258064516129,0.47401574803149604,0.0052393
1006,0.9032258064516129,0.473490813648294,0.0052406
1007,0.9032258064516129,0.47296587926509187,0.0052433
1008,0.9032258064516129,0.47244094488188976,0.0052481
1009,0.9032258064516129,0.47191601049868764,0.0052502
1010,0.9032258064516129,0.4713910761154856,0.0052611
1011,0.9032258064516129,0.47086614173228347,0.0052709
1012,0.9032258064516129,0.47034120734908136,0.0052762
1013,0.9032258064516129,0.46981627296587924,0.0052911
1014,0.9032258064516129,0.4692913385826772,0.0052971
1015,0.9032258064516129,0.4687664041994751,0.0053005
1016,0.9032258064516129,0.46824146981627296,0.0053018
1017,0.8709677419354839,0.46824146981627296,0.005314
1018,0.8709677419354839,0.46771653543307085,0.0053168
1019,0.8709677419354839,0.4671916010498688,0.0053184
1020,0.8709677419354839,0.4666666666666667,0.0053302
1021,0.8709677419354839,0.46614173228346456,0.0053619
1022,0.8709677419354839,0.46561679790026245,0.0053737
1023,0.8709677419354839,0.4650918635170604,0.0054107
1024,0.8709677419354839,0.4645669291338583,0.0054254
1025,0.8709677419354839,0.46404199475065616,0.0054343
1026,0.8709677419354839,0.46351706036745405,0.0054511
1027,0.8709677419354839,0.462992125984252,0.005458
1028,0.8709677419354839,0.4624671916010499,0.0054675
1029,0.8709677419354839,0.46194225721784776,0.0054696
1030,0.8709677419354839,0.46141732283464565,0.0054698
1031,0.8709677419354839,0.4608923884514436,0.0054997
1032,0.8709677419354839,0.4603674540682415,0.005501
1033,0.8709677419354839,0.45984251968503936,0.0055038
1034,0.8709677419354839,0.45931758530183725,0.0055315
1035,0.8709677419354839,0.4587926509186352,0.0055323
1036,0.8709677419354839,0.4582677165354331,0.0055585
1037,0.8709677419354839,0.45774278215223096,0.0055615
1038,0.8709677419354839,0.45721784776902885,0.0055644
1039,0.8709677419354839,0.4566929133858268,0.005566
1040,0.8709677419354839,0.4561679790026247,0.0055716
1041,0.8709677419354839,0.45564304461942257,0.0055863
1042,0.8709677419354839,0.45511811023622045,0.0055916
1043,0.8709677419354839,0.4545931758530184,0.0055944
1044,0.8709677419354839,0.4540682414698163,0.005624
1045,0.8709677419354839,0.45354330708661417,0.0056255
1046,0.8709677419354839,0.45301837270341205,0.0056511
1047,0.8709677419354839,0.45249343832021,0.0056666
1048,0.8709677419354839,0.4519685039370079,0.0056735
1049,0.8709677419354839,0.45144356955380577,0.005674
1050,0.8709677419354839,0.45091863517060365,0.0056826
1051,0.8709677419354839,0.4503937007874016,0.0056854
1052,0.8709677419354839,0.4498687664041995,0.0056872
1053,0.8709677419354839,0.44934383202099737,0.0056875
1054,0.8709677419354839,0.44881889763779526,0.0056939
1055,0.8709677419354839,0.4482939632545932,0.005701
1056,0.8709677419354839,0.4477690288713911,0.0057063
1057,0.8709677419354839,0.44724409448818897,0.0057152
1058,0.8709677419354839,0.44671916010498686,0.0057182
1059,0.8709677419354839,0.4461942257217848,0.0057186
1060,0.8709677419354839,0.4456692913385827,0.0057438
1061,0.8709677419354839,0.44514435695538057,0.0057469
1062,0.8709677419354839,0.44461942257217846,0.0057532
1063,0.8709677419354839,0.4440944881889764,0.0057548
1064,0.8709677419354839,0.4435695538057743,0.0057551
1065,0.8709677419354839,0.4430446194225722,0.0057578
1066,0.8709677419354839,0.44251968503937006,0.0057646
1067,0.8709677419354839,0.441994750656168,0.0057668
1068,0.8709677419354839,0.4414698162729659,0.0057672
1069,0.8709677419354839,0.4409448818897638,0.0057795
1070,0.8709677419354839,0.44041994750656166,0.0057821
1071,0.8709677419354839,0.4398950131233596,0.0057955
1072,0.8709677419354839,0.4393700787401575,0.0057997
1073,0.8709677419354839,0.4388451443569554,0.0058006
1074,0.8709677419354839,0.43832020997375326,0.0058024
1075,0.8709677419354839,0.4377952755905512,0.0058031
1076,0.8709677419354839,0.4372703412073491,0.0058166
1077,0.8709677419354839,0.436745406824147,0.005826
1078,0.8709677419354839,0.43622047244094486,0.0058271
1079,0.8709677419354839,0.4356955380577428,0.0058338
1080,0.8709677419354839,0.4351706036745407,0.005839
1081,0.8709677419354839,0.4346456692913386,0.0058411
1082,0.8709677419354839,0.43412073490813646,0.0058439
1083,0.8709677419354839,0.4335958005249344,0.0058486
1084,0.8709677419354839,0.4330708661417323,0.005889
1085,0.8709677419354839,0.4325459317585302,0.0059075
1086,0.8709677419354839,0.43202099737532806,0.0059105
1087,0.8709677419354839,0.431496062992126,0.0059124
1088,0.8709677419354839,0.4309711286089239,0.0059159
1089,0.8709677419354839,0.4304461942257218,0.0059251
1090,0.8709677419354839,0.42992125984251967,0.0059427
1091,0.8709677419354839,0.4293963254593176,0.0059445
1092,0.8709677419354839,0.4288713910761155,0.0059713
1093,0.8709677419354839,0.4283464566929134,0.0059747
1094,0.8709677419354839,0.42782152230971127,0.0059832
1095,0.8709677419354839,0.4272965879265092,0.0059841
1096,0.8709677419354839,0.4267716535433071,0.0059888
1097,0.8709677419354839,0.426246719160105,0.0059944
1098,0.8709677419354839,0.42572178477690287,0.0059988
1099,0.8709677419354839,0.4251968503937008,0.0060049
1100,0.8709677419354839,0.4246719160104987,0.0060055
1101,0.8709677419354839,0.4241469816272966,0.0060224
1102,0.8709677419354839,0.42362204724409447,0.006025
1103,0.8709677419354839,0.4230971128608924,0.0060319
1104,0.8709677419354839,0.4225721784776903,0.0060368
1105,0.8709677419354839,0.4220472440944882,0.00604
1106,0.8709677419354839,0.42152230971128607,0.0060444
1107,0.8709677419354839,0.420997375328084,0.0060492
1108,0.8709677419354839,0.4204724409448819,0.006052
1109,0.8709677419354839,0.4199475065616798,0.0060612
1110,0.8709677419354839,0.41942257217847767,0.0060637
1111,0.8709677419354839,0.4188976377952756,0.0060703
1112,0.8709677419354839,0.4183727034120735,0.0060868
1113,0.8709677419354839,0.4178477690288714,0.0060891
1114,0.8709677419354839,0.41732283464566927,0.0061101
1115,0.8709677419354839,0.4167979002624672,0.0061161
1116,0.8709677419354839,0.4162729658792651,0.0061183
1117,0.8709677419354839,0.415748031496063,0.0061231
1118,0.8709677419354839,0.4152230971128609,0.0061242
1119,0.8709677419354839,0.4146981627296588,0.0061288
1120,0.8709677419354839,0.4141732283464567,0.0061571
1121,0.8709677419354839,0.4136482939632546,0.0061679
1122,0.8387096774193549,0.4136482939632546,0.0061683
1123,0.8387096774193549,0.4131233595800525,0.0061714
1124,0.8387096774193549,0.4125984251968504,0.0061854
1125,0.8387096774193549,0.4120734908136483,0.006191
1126,0.8387096774193549,0.4115485564304462,0.0061939
1127,0.8387096774193549,0.4110236220472441,0.0062102
1128,0.8387096774193549,0.410498687664042,0.006213
1129,0.8387096774193549,0.4099737532808399,0.0062183
1130,0.8387096774193549,0.4094488188976378,0.0062269
1131,0.8387096774193549,0.4089238845144357,0.0062394
1132,0.8387096774193549,0.4083989501312336,0.0062398
1133,0.8387096774193549,0.4078740157480315,0.0062411
1134,0.8387096774193549,0.4073490813648294,0.006243
1135,0.8387096774193549,0.4068241469816273,0.0062738
1136,0.8387096774193549,0.4062992125984252,0.0063048
1137,0.8387096774193549,0.4057742782152231,0.0063182
1138,0.8387096774193549,0.405249343832021,0.0063305
1139,0.8387096774193549,0.4047244094488189,0.0063349
1140,0.8387096774193549,0.4041994750656168,0.0063392
1141,0.8387096774193549,0.4036745406824147,0.0063559
1142,0.8387096774193549,0.4031496062992126,0.0063686
1143,0.8387096774193549,0.4026246719160105,0.0063965
1144,0.8387096774193549,0.4020997375328084,0.0063966
1145,0.8387096774193549,0.4015748031496063,0.0064014
1146,0.8387096774193549,0.4010498687664042,0.0064027
1147,0.8387096774193549,0.4005249343832021,0.0064209
1148,0.8387096774193549,0.4,0.0064216
1149,0.8387096774193549,0.3994750656167979,0.00643
1150,0.8387096774193549,0.3989501312335958,0.0064468
1151,0.8387096774193549,0.3984251968503937,0.0064475
1152,0.8387096774193549,0.3979002624671916,0.0064493
1153,0.8387096774193549,0.3973753280839895,0.0064503
1154,0.8387096774193549,0.3968503937007874,0.0064538
1155,0.8387096774193549,0.3963254593175853,0.0064542
1156,0.8387096774193549,0.3958005249343832,0.0064574
1157,0.8387096774193549,0.3952755905511811,0.0064661
1158,0.8387096774193549,0.394750656167979,0.0064869
1159,0.8387096774193549,0.3942257217847769,0.0064909
1160,0.8387096774193549,0.3937007874015748,0.0064933
1161,0.8387096774193549,0.3931758530183727,0.0065029
1162,0.8387096774193549,0.3926509186351706,0.0065101
1163,0.8387096774193549,0.3921259842519685,0.0065127
1164,0.8387096774193549,0.3916010498687664,0.0065189
1165,0.8387096774193549,0.3910761154855643,0.0065236
1166,0.8387096774193549,0.3905511811023622,0.0065433
1167,0.8387096774193549,0.3900262467191601,0.006563
1168,0.8387096774193549,0.389501312335958,0.0066125
1169,0.8387096774193549,0.3889763779527559,0.0066206
1170,0.8387096774193549,0.3884514435695538,0.0066376
1171,0.8387096774193549,0.3879265091863517,0.0066424
1172,0.8387096774193549,0.38740157480314963,0.0066642
1173,0.8387096774193549,0.3868766404199475,0.0066689
1174,0.8387096774193549,0.3863517060367454,0.0066706
1175,0.8387096774193549,0.3858267716535433,0.0066886
1176,0.8387096774193549,0.38530183727034123,0.0066945
1177,0.8387096774193549,0.3847769028871391,0.006698
1178,0.8387096774193549,0.384251968503937,0.0067013
1179,0.8387096774193549,0.3837270341207349,0.0067104
1180,0.8387096774193549,0.38320209973753283,0.0067262
1181,0.8387096774193549,0.3826771653543307,0.0067339
1182,0.8387096774193549,0.3821522309711286,0.006734
1183,0.8387096774193549,0.3816272965879265,0.0067383
1184,0.8387096774193549,0.38110236220472443,0.0067444
1185,0.8387096774193549,0.3805774278215223,0.0067799
1186,0.8387096774193549,0.3800524934383202,0.0067898
1187,0.8387096774193549,0.3795275590551181,0.0067918
1188,0.8387096774193549,0.37900262467191603,0.006792
1189,0.8387096774193549,0.3784776902887139,0.0067931
1190,0.8387096774193549,0.3779527559055118,0.0068267
1191,0.8387096774193549,0.3774278215223097,0.0068337
1192,0.8387096774193549,0.37690288713910763,0.0068354
1193,0.8387096774193549,0.3763779527559055,0.0068363
1194,0.8387096774193549,0.3758530183727034,0.006846
1195,0.8387096774193549,0.3758530183727034,0.006846
1196,0.8387096774193549,0.37480314960629924,0.0068557
1197,0.8387096774193549,0.3742782152230971,0.006861
1198,0.8387096774193549,0.373753280839895,0.0068632
1199,0.8387096774193549,0.3732283464566929,0.0068703
1200,0.8387096774193549,0.37270341207349084,0.00689
1201,0.8387096774193549,0.3721784776902887,0.0068975
1202,0.8387096774193549,0.3716535433070866,0.0069219
1203,0.8387096774193549,0.3711286089238845,0.0069239
1204,0.8387096774193549,0.37060367454068244,0.0069269
1205,0.8387096774193549,0.3700787401574803,0.0069301
1206,0.8387096774193549,0.3695538057742782,0.0069557
1207,0.8387096774193549,0.3690288713910761,0.0069634
1208,0.8387096774193549,0.36850393700787404,0.006971
1209,0.8387096774193549,0.3679790026246719,0.0069737
1210,0.8387096774193549,0.3674540682414698,0.0069968
1211,0.8387096774193549,0.3669291338582677,0.0069971
1212,0.8387096774193549,0.36640419947506564,0.0070144
1213,0.8387096774193549,0.3658792650918635,0.0070421
1214,0.8387096774193549,0.3653543307086614,0.0070436
1215,0.8387096774193549,0.3648293963254593,0.0070494
1216,0.8387096774193549,0.36430446194225724,0.0070552
1217,0.8387096774193549,0.3637795275590551,0.0070769
1218,0.8387096774193549,0.363254593175853,0.007107
1219,0.8387096774193549,0.3627296587926509,0.0071292
1220,0.8387096774193549,0.36220472440944884,0.0071342
1221,0.8387096774193549,0.36167979002624673,0.007135
1222,0.8387096774193549,0.3611548556430446,0.0071553
1223,0.8387096774193549,0.3606299212598425,0.0071712
1224,0.8387096774193549,0.36010498687664044,0.0071752
1225,0.8387096774193549,0.35958005249343833,0.0071759
1226,0.8387096774193549,0.3590551181102362,0.0071828
1227,0.8387096774193549,0.3585301837270341,0.0071925
1228,0.8387096774193549,0.35800524934383204,0.0072155
1229,0.8387096774193549,0.35748031496062993,0.0072344
1230,0.8387096774193549,0.3569553805774278,0.0072514
1231,0.8387096774193549,0.3564304461942257,0.0072696
1232,0.8387096774193549,0.35590551181102364,0.0072718
1233,0.8387096774193549,0.35538057742782153,0.0072722
1234,0.8387096774193549,0.3548556430446194,0.0072842
1235,0.8387096774193549,0.3543307086614173,0.0072881
1236,0.8387096774193549,0.35380577427821525,0.0072891
1237,0.8387096774193549,0.35328083989501313,0.0072977
1238,0.8387096774193549,0.352755905511811,0.0073039
1239,0.8387096774193549,0.3522309711286089,0.0073221
1240,0.8387096774193549,0.35170603674540685,0.0073471
1241,0.8387096774193549,0.35118110236220473,0.0073521
1242,0.8387096774193549,0.3506561679790026,0.0073581
1243,0.8387096774193549,0.3501312335958005,0.0073596
1244,0.8387096774193549,0.34960629921259845,0.007365
1245,0.8387096774193549,0.34908136482939633,0.0073735
1246,0.8387096774193549,0.3485564304461942,0.007393
1247,0.8387096774193549,0.3480314960629921,0.0073965
1248,0.8387096774193549,0.34750656167979005,0.007409
1249,0.8387096774193549,0.34698162729658794,0.0074171
1250,0.8387096774193549,0.3464566929133858,0.0074268
1251,0.8387096774193549,0.3459317585301837,0.0074529
1252,0.8387096774193549,0.34540682414698165,0.0074556
1253,0.8387096774193549,0.34488188976377954,0.0074593
1254,0.8387096774193549,0.3443569553805774,0.0074705
1255,0.8387096774193549,0.3438320209973753,0.0074759
1256,0.8387096774193549,0.34330708661417325,0.0074774
1257,0.8387096774193549,0.34278215223097114,0.0074788
1258,0.8387096774193549,0.342257217847769,0.0074816
1259,0.8387096774193549,0.3417322834645669,0.0074937
1260,0.8387096774193549,0.34120734908136485,0.007502
1261,0.8387096774193549,0.34068241469816274,0.0075186
1262,0.8387096774193549,0.3401574803149606,0.0075239
1263,0.8387096774193549,0.3396325459317585,0.0075317
1264,0.8387096774193549,0.33910761154855645,0.0075411
1265,0.8387096774193549,0.33858267716535434,0.00755
1266,0.8387096774193549,0.3380577427821522,0.0075648
1267,0.8387096774193549,0.3375328083989501,0.0075723
1268,0.8387096774193549,0.33700787401574805,0.0075775
1269,0.8387096774193549,0.33648293963254594,0.0075782
1270,0.8387096774193549,0.3359580052493438,0.0075811
1271,0.8387096774193549,0.3354330708661417,0.0075894
1272,0.8387096774193549,0.33490813648293966,0.0076085
1273,0.8387096774193549,0.33438320209973754,0.00762
1274,0.8387096774193549,0.33385826771653543,0.0076216
1275,0.8387096774193549,0.3333333333333333,0.0076261
1276,0.8387096774193549,0.33280839895013126,0.0076401
1277,0.8387096774193549,0.33228346456692914,0.0076489
1278,0.8387096774193549,0.33175853018372703,0.0076529
1279,0.8387096774193549,0.3312335958005249,0.0076645
1280,0.8387096774193549,0.33070866141732286,0.0076649
1281,0.8387096774193549,0.33018372703412074,0.0076672
1282,0.8387096774193549,0.32965879265091863,0.007674
1283,0.8387096774193549,0.3291338582677165,0.0076855
1284,0.8387096774193549,0.32860892388451446,0.0076931
1285,0.8387096774193549,0.32808398950131235,0.0076958
1286,0.8387096774193549,0.32755905511811023,0.0077002
1287,0.8387096774193549,0.3270341207349081,0.0077048
1288,0.8387096774193549,0.32650918635170606,0.0077127
1289,0.8064516129032258,0.32650918635170606,0.0077219
1290,0.7741935483870968,0.32650918635170606,0.0077585
1291,0.7741935483870968,0.32598425196850395,0.0077757
1292,0.7741935483870968,0.32545931758530183,0.0077777
1293,0.7741935483870968,0.32545931758530183,0.0077777
1294,0.7741935483870968,0.32440944881889766,0.007787
1295,0.7741935483870968,0.32388451443569555,0.0078166
1296,0.7741935483870968,0.32335958005249343,0.0078347
1297,0.7741935483870968,0.3228346456692913,0.0078382
1298,0.7741935483870968,0.32230971128608926,0.0078482
1299,0.7741935483870968,0.32178477690288715,0.0078537
1300,0.7741935483870968,0.32125984251968503,0.0078543
1301,0.7741935483870968,0.3207349081364829,0.0078648
1302,0.7741935483870968,0.32020997375328086,0.0078679
1303,0.7741935483870968,0.31968503937007875,0.0078772
1304,0.7741935483870968,0.31916010498687664,0.0078892
1305,0.7741935483870968,0.3186351706036745,0.0079143
1306,0.7741935483870968,0.31811023622047246,0.0079378
1307,0.7741935483870968,0.31758530183727035,0.0079383
1308,0.7741935483870968,0.31706036745406824,0.0079415
1309,0.7741935483870968,0.3165354330708661,0.0079427
1310,0.7741935483870968,0.31601049868766407,0.0079491
1311,0.7741935483870968,0.31548556430446195,0.0079623
1312,0.7741935483870968,0.31496062992125984,0.0079667
1313,0.7741935483870968,0.3144356955380577,0.007967
1314,0.7741935483870968,0.31391076115485567,0.0079757
1315,0.7741935483870968,0.31338582677165355,0.0079842
1316,0.7741935483870968,0.31286089238845144,0.0079849
1317,0.7741935483870968,0.3123359580052493,0.0079942
1318,0.7741935483870968,0.31181102362204727,0.0079988
1319,0.7741935483870968,0.31128608923884515,0.0080114
1320,0.7741935483870968,0.31076115485564304,0.0080153
1321,0.7741935483870968,0.3102362204724409,0.0080157
1322,0.7741935483870968,0.30971128608923887,0.0080244
1323,0.7741935483870968,0.30918635170603675,0.008026
1324,0.7741935483870968,0.30866141732283464,0.0080385
1325,0.7741935483870968,0.30813648293963253,0.0080397
1326,0.7741935483870968,0.30761154855643047,0.0080449
1327,0.7741935483870968,0.30708661417322836,0.0080738
1328,0.7741935483870968,0.30656167979002624,0.0081034
1329,0.7741935483870968,0.30603674540682413,0.0081114
1330,0.7741935483870968,0.30551181102362207,0.0081238
1331,0.7741935483870968,0.30498687664041996,0.0081618
1332,0.7741935483870968,0.30446194225721784,0.0081698
1333,0.7741935483870968,0.30393700787401573,0.0081789
1334,0.7741935483870968,0.30341207349081367,0.0081825
1335,0.7741935483870968,0.30288713910761156,0.0081974
1336,0.7741935483870968,0.30236220472440944,0.0082018
1337,0.7741935483870968,0.30183727034120733,0.0082041
1338,0.7741935483870968,0.3013123359580053,0.0082246
1339,0.7741935483870968,0.30078740157480316,0.0082368
1340,0.7741935483870968,0.30026246719160105,0.0082402
1341,0.7741935483870968,0.29973753280839893,0.0082507
1342,0.7741935483870968,0.2992125984251969,0.0082518
1343,0.7741935483870968,0.29868766404199476,0.0082524
1344,0.7741935483870968,0.29816272965879265,0.0082607
1345,0.7741935483870968,0.29763779527559053,0.0082668
1346,0.7741935483870968,0.2971128608923885,0.0082787
1347,0.7741935483870968,0.29658792650918636,0.0082808
1348,0.7741935483870968,0.29606299212598425,0.0083057
1349,0.7741935483870968,0.29553805774278213,0.0083141
1350,0.7741935483870968,0.2950131233595801,0.008322
1351,0.7741935483870968,0.29448818897637796,0.0083358
1352,0.7741935483870968,0.29396325459317585,0.0083534
1353,0.7741935483870968,0.29343832020997374,0.0083636
1354,0.7741935483870968,0.2929133858267717,0.0084007
1355,0.7741935483870968,0.29238845144356956,0.0084062
1356,0.7741935483870968,0.29186351706036745,0.0084084
1357,0.7741935483870968,0.29133858267716534,0.0084113
1358,0.7741935483870968,0.2908136482939633,0.0084281
1359,0.7741935483870968,0.29028871391076116,0.0084338
1360,0.7741935483870968,0.28976377952755905,0.0084502
1361,0.7741935483870968,0.28923884514435694,0.0084541
1362,0.7741935483870968,0.2887139107611549,0.0084599
1363,0.7741935483870968,0.28818897637795277,0.0084633
1364,0.7741935483870968,0.28766404199475065,0.0084727
1365,0.7741935483870968,0.28713910761154854,0.0084797
1366,0.7741935483870968,0.2866141732283465,0.008491
1367,0.7741935483870968,0.28608923884514437,0.0084912
1368,0.7741935483870968,0.28556430446194225,0.008499
1369,0.7741935483870968,0.28503937007874014,0.0085104
1370,0.7741935483870968,0.2845144356955381,0.0085308
1371,0.7741935483870968,0.28398950131233597,0.0085364
1372,0.7741935483870968,0.28346456692913385,0.0085444
1373,0.7741935483870968,0.28293963254593174,0.0085455
1374,0.7741935483870968,0.2824146981627297,0.0085809
1375,0.7741935483870968,0.28188976377952757,0.0085969
1376,0.7741935483870968,0.28136482939632546,0.0086011
1377,0.7741935483870968,0.28083989501312334,0.0086112
1378,0.7741935483870968,0.2803149606299213,0.0086168
1379,0.7741935483870968,0.27979002624671917,0.0086317
1380,0.7741935483870968,0.27926509186351706,0.0086534
1381,0.7741935483870968,0.27874015748031494,0.0086638
1382,0.7741935483870968,0.2782152230971129,0.0086647
1383,0.7741935483870968,0.27769028871391077,0.0086699
1384,0.7741935483870968,0.27716535433070866,0.0086823
1385,0.7741935483870968,0.27664041994750654,0.008683
1386,0.7741935483870968,0.2761154855643045,0.0086895
1387,0.7741935483870968,0.2755905511811024,0.0086977
1388,0.7741935483870968,0.27506561679790026,0.0087136
1389,0.7741935483870968,0.27454068241469815,0.0087142
1390,0.7741935483870968,0.2740157480314961,0.0087229
1391,0.7741935483870968,0.273490813648294,0.0087443
1392,0.7741935483870968,0.27296587926509186,0.0087459
1393,0.7741935483870968,0.27244094488188975,0.0087652
1394,0.7741935483870968,0.2719160104986877,0.0087779
1395,0.7741935483870968,0.2713910761154856,0.0087792
1396,0.7741935483870968,0.27086614173228346,0.008789
1397,0.7741935483870968,0.27034120734908135,0.0088183
1398,0.7741935483870968,0.2698162729658793,0.0088269
1399,0.7741935483870968,0.2692913385826772,0.0088497
1400,0.7741935483870968,0.26876640419947506,0.0088523
1401,0.7741935483870968,0.26824146981627295,0.008866
1402,0.7741935483870968,0.2677165354330709,0.0088771
1403,0.7741935483870968,0.2671916010498688,0.0088807
1404,0.7741935483870968,0.26666666666666666,0.0088986
1405,0.7741935483870968,0.26614173228346455,0.0089276
1406,0.7741935483870968,0.2656167979002625,0.0089317
1407,0.7741935483870968,0.2650918635170604,0.0089371
1408,0.7741935483870968,0.26456692913385826,0.008947
1409,0.7741935483870968,0.26404199475065615,0.0089541
1410,0.7741935483870968,0.2635170603674541,0.0089616
1411,0.7741935483870968,0.262992125984252,0.008971
1412,0.7741935483870968,0.26246719160104987,0.0089851
1413,0.7741935483870968,0.26194225721784775,0.0090205
1414,0.7741935483870968,0.2614173228346457,0.0090252
1415,0.7741935483870968,0.2608923884514436,0.0090253
1416,0.7741935483870968,0.26036745406824147,0.0090296
1417,0.7741935483870968,0.25984251968503935,0.0090642
1418,0.7741935483870968,0.2593175853018373,0.0090739
1419,0.7741935483870968,0.2587926509186352,0.0090776
1420,0.7741935483870968,0.25826771653543307,0.0090786
1421,0.7741935483870968,0.25774278215223095,0.009081
1422,0.7741935483870968,0.2572178477690289,0.0090819
1423,0.7741935483870968,0.2566929133858268,0.0090856
1424,0.7741935483870968,0.25616797900262467,0.0090925
1425,0.7741935483870968,0.25564304461942255,0.009153
1426,0.7741935483870968,0.2551181102362205,0.0091553
1427,0.7741935483870968,0.2545931758530184,0.0091731
1428,0.7741935483870968,0.25406824146981627,0.0091912
1429,0.7741935483870968,0.25354330708661416,0.0091967
1430,0.7741935483870968,0.2530183727034121,0.0091969
1431,0.7741935483870968,0.25249343832021,0.0092063
1432,0.7741935483870968,0.25196850393700787,0.0092107
1433,0.7741935483870968,0.25144356955380576,0.0092289
1434,0.7741935483870968,0.2509186351706037,0.0092407
1435,0.7741935483870968,0.2503937007874016,0.0092658
1436,0.7741935483870968,0.24986876640419947,0.0092737
1437,0.7741935483870968,0.24934383202099739,0.0092739
1438,0.7741935483870968,0.24881889763779527,0.0092998
1439,0.7741935483870968,0.2482939632545932,0.0093
1440,0.7741935483870968,0.24776902887139107,0.0093197
1441,0.7741935483870968,0.247244094488189,0.0093244
1442,0.7741935483870968,0.24671916010498687,0.0093279
1443,0.7419354838709677,0.24671916010498687,0.0093349
1444,0.7419354838709677,0.2461942257217848,0.0093446
1445,0.7419354838709677,0.24566929133858267,0.0093538
1446,0.7419354838709677,0.2451443569553806,0.0093729
1447,0.7419354838709677,0.24461942257217847,0.0094258
1448,0.7419354838709677,0.2440944881889764,0.0094285
1449,0.7419354838709677,0.24356955380577427,0.0094333
1450,0.7419354838709677,0.2430446194225722,0.0094509
1451,0.7419354838709677,0.24251968503937008,0.0094685
1452,0.7096774193548387,0.24251968503937008,0.0094765
1453,0.7096774193548387,0.241994750656168,0.0094997
1454,0.7096774193548387,0.24146981627296588,0.0095226
1455,0.7096774193548387,0.2409448818897638,0.0095268
1456,0.7096774193548387,0.24041994750656168,0.0095291
1457,0.7096774193548387,0.2398950131233596,0.0095387
1458,0.7096774193548387,0.23937007874015748,0.0095544
1459,0.7096774193548387,0.2388451443569554,0.0095614
1460,0.7096774193548387,0.23832020997375328,0.0096076
1461,0.7096774193548387,0.2377952755905512,0.0096154
1462,0.7096774193548387,0.23727034120734908,0.0096338
1463,0.7096774193548387,0.236745406824147,0.0096354
1464,0.6774193548387096,0.236745406824147,0.0096414
1465,0.6774193548387096,0.23622047244094488,0.0096495
1466,0.6774193548387096,0.2356955380577428,0.0096563
1467,0.6774193548387096,0.23517060367454068,0.0096608
1468,0.6774193548387096,0.2346456692913386,0.0096612
1469,0.6774193548387096,0.23412073490813648,0.0097058
1470,0.6774193548387096,0.2335958005249344,0.0097103
1471,0.6774193548387096,0.23307086614173228,0.0097444
1472,0.6774193548387096,0.2325459317585302,0.0097455
1473,0.6774193548387096,0.23202099737532808,0.0097703
1474,0.6774193548387096,0.231496062992126,0.0097817
1475,0.6774193548387096,0.23097112860892388,0.0098064
1476,0.6774193548387096,0.2304461942257218,0.009829
1477,0.6774193548387096,0.22992125984251968,0.0098372
1478,0.6774193548387096,0.2293963254593176,0.0098434
1479,0.6774193548387096,0.22887139107611548,0.0098526
1480,0.6774193548387096,0.2283464566929134,0.0098623
1481,0.6774193548387096,0.22782152230971128,0.0098698
1482,0.6774193548387096,0.2272965879265092,0.0098935
1483,0.6774193548387096,0.22677165354330708,0.0099027
1484,0.6774193548387096,0.226246719160105,0.0099102
1485,0.6774193548387096,0.22572178477690288,0.0099349
1486,0.6774193548387096,0.2251968503937008,0.009959
1487,0.6774193548387096,0.22467191601049868,0.0099831
1488,0.6774193548387096,0.2241469816272966,0.0099896
1489,0.6774193548387096,0.22362204724409449,0.0100109
1490,0.6774193548387096,0.2230971128608924,0.0100181
1491,0.6774193548387096,0.22257217847769029,0.0100357
1492,0.6774193548387096,0.2220472440944882,0.0100358
1493,0.6774193548387096,0.2215223097112861,0.010073
1494,0.6774193548387096,0.220997375328084,0.0100739
1495,0.6774193548387096,0.2204724409448819,0.0100845
1496,0.6774193548387096,0.2199475065616798,0.0100867
1497,0.6774193548387096,0.2194225721784777,0.0101189
1498,0.6774193548387096,0.2188976377952756,0.0101478
1499,0.6774193548387096,0.2183727034120735,0.0101494
1500,0.6774193548387096,0.2178477690288714,0.0101684
1501,0.6774193548387096,0.2173228346456693,0.010177
1502,0.6774193548387096,0.2167979002624672,0.0101856
1503,0.6774193548387096,0.2162729658792651,0.0102187
1504,0.6774193548387096,0.215748031496063,0.0102263
1505,0.6774193548387096,0.2152230971128609,0.0102338
1506,0.6774193548387096,0.2146981627296588,0.0102407
1507,0.6774193548387096,0.2141732283464567,0.0102476
1508,0.6774193548387096,0.2136482939632546,0.0102512
1509,0.6774193548387096,0.2131233595800525,0.0102641
1510,0.6774193548387096,0.2125984251968504,0.0102744
1511,0.6774193548387096,0.2120734908136483,0.0102887
1512,0.6774193548387096,0.2115485564304462,0.010295
1513,0.6774193548387096,0.2110236220472441,0.0103138
1514,0.6774193548387096,0.210498687664042,0.010327
1515,0.6774193548387096,0.2099737532808399,0.0103373
1516,0.6774193548387096,0.2094488188976378,0.0103626
1517,0.6774193548387096,0.2089238845144357,0.010363
1518,0.6774193548387096,0.2083989501312336,0.010377
1519,0.6774193548387096,0.2078740157480315,0.010394
1520,0.6774193548387096,0.2073490813648294,0.0104205
1521,0.6774193548387096,0.2068241469816273,0.01043
1522,0.6774193548387096,0.2062992125984252,0.0104372
1523,0.6774193548387096,0.2057742782152231,0.0104711
1524,0.6774193548387096,0.205249343832021,0.0104808
1525,0.6774193548387096,0.2047244094488189,0.010483
1526,0.6774193548387096,0.2041994750656168,0.0105021
1527,0.6774193548387096,0.2036745406824147,0.010516
1528,0.6774193548387096,0.2031496062992126,0.0105184
1529,0.6774193548387096,0.2026246719160105,0.0105273
1530,0.6774193548387096,0.2020997375328084,0.0105547
1531,0.6774193548387096,0.2015748031496063,0.0105605
1532,0.6774193548387096,0.2010498687664042,0.0105749
1533,0.6774193548387096,0.2005249343832021,0.0105961
1534,0.6774193548387096,0.2,0.0106246
1535,0.6774193548387096,0.1994750656167979,0.0106264
1536,0.6774193548387096,0.1989501312335958,0.010628
1537,0.6774193548387096,0.1984251968503937,0.0106763
1538,0.6774193548387096,0.1979002624671916,0.0106777
1539,0.6774193548387096,0.1973753280839895,0.010708
1540,0.6774193548387096,0.1968503937007874,0.0107169
1541,0.6774193548387096,0.1963254593175853,0.0107295
1542,0.6774193548387096,0.1958005249343832,0.010739
1543,0.6774193548387096,0.1952755905511811,0.0107548
1544,0.6774193548387096,0.194750656167979,0.0107687
1545,0.6774193548387096,0.1942257217847769,0.0107816
1546,0.6774193548387096,0.19370078740157481,0.0108031
1547,0.6774193548387096,0.1931758530183727,0.0108216
1548,0.6774193548387096,0.19265091863517061,0.0108219
1549,0.6774193548387096,0.1921259842519685,0.0108478
1550,0.6774193548387096,0.19160104986876642,0.0108747
1551,0.6774193548387096,0.1910761154855643,0.0108802
1552,0.6774193548387096,0.19055118110236222,0.0108861
1553,0.6774193548387096,0.1900262467191601,0.0108897
1554,0.6774193548387096,0.18950131233595802,0.0109032
1555,0.6774193548387096,0.1889763779527559,0.0109326
1556,0.6774193548387096,0.18845144356955382,0.0109439
1557,0.6774193548387096,0.1879265091863517,0.0109445
1558,0.6774193548387096,0.18740157480314962,0.0109828
1559,0.6774193548387096,0.1868766404199475,0.0109907
1560,0.6774193548387096,0.18635170603674542,0.0109929
1561,0.6774193548387096,0.1858267716535433,0.0110007
1562,0.6774193548387096,0.18530183727034122,0.0110315
1563,0.6774193548387096,0.1847769028871391,0.0110336
1564,0.6774193548387096,0.18425196850393702,0.0110709
1565,0.6774193548387096,0.1837270341207349,0.0110757
1566,0.6774193548387096,0.18320209973753282,0.0110789
1567,0.6774193548387096,0.1826771653543307,0.0110824
1568,0.6774193548387096,0.18215223097112862,0.0110939
1569,0.6774193548387096,0.1816272965879265,0.0111061
1570,0.6774193548387096,0.18110236220472442,0.0111108
1571,0.6774193548387096,0.1805774278215223,0.0111128
1572,0.6774193548387096,0.18005249343832022,0.0111145
1573,0.6774193548387096,0.1795275590551181,0.0111495
1574,0.6774193548387096,0.17900262467191602,0.0111942
1575,0.6774193548387096,0.1784776902887139,0.0112097
1576,0.6774193548387096,0.17795275590551182,0.0112167
1577,0.6774193548387096,0.1774278215223097,0.0112193
1578,0.6774193548387096,0.17690288713910762,0.0112627
1579,0.6774193548387096,0.1763779527559055,0.0112862
1580,0.6774193548387096,0.17585301837270342,0.0113431
1581,0.6774193548387096,0.1753280839895013,0.0113558
1582,0.6774193548387096,0.17480314960629922,0.0113626
1583,0.6774193548387096,0.1742782152230971,0.0113858
1584,0.6774193548387096,0.17375328083989502,0.0113947
1585,0.6774193548387096,0.1732283464566929,0.0113962
1586,0.6774193548387096,0.17270341207349083,0.0114278
1587,0.6774193548387096,0.1721784776902887,0.0114398
1588,0.6774193548387096,0.17165354330708663,0.0115044
1589,0.6774193548387096,0.1711286089238845,0.0115624
1590,0.6774193548387096,0.17060367454068243,0.0115633
1591,0.6451612903225806,0.17060367454068243,0.0115816
1592,0.6451612903225806,0.1700787401574803,0.0115947
1593,0.6451612903225806,0.16955380577427823,0.0116377
1594,0.6451612903225806,0.1690288713910761,0.0116836
1595,0.6451612903225806,0.16850393700787403,0.0116886
1596,0.6451612903225806,0.1679790026246719,0.0117024
1597,0.6451612903225806,0.16745406824146983,0.0117072
1598,0.6451612903225806,0.16745406824146983,0.0117072
1599,0.6451612903225806,0.16640419947506563,0.0117425
1600,0.6451612903225806,0.16587926509186351,0.0117539
1601,0.6451612903225806,0.16535433070866143,0.0117972
1602,0.6451612903225806,0.16482939632545932,0.011809
1603,0.6451612903225806,0.16430446194225723,0.0118438
1604,0.6451612903225806,0.16377952755905512,0.0118851
1605,0.6451612903225806,0.16325459317585303,0.0118909
1606,0.6451612903225806,0.16272965879265092,0.0118951
1607,0.6451612903225806,0.16220472440944883,0.011898
1608,0.6451612903225806,0.16167979002624672,0.0119205
1609,0.6451612903225806,0.16115485564304463,0.0119423
1610,0.6451612903225806,0.16062992125984252,0.011966
1611,0.6451612903225806,0.16010498687664043,0.0119771
1612,0.6451612903225806,0.15958005249343832,0.0119816
1613,0.6451612903225806,0.15905511811023623,0.0119875
1614,0.6451612903225806,0.15853018372703412,0.0120065
1615,0.6451612903225806,0.15800524934383203,0.0120197
1616,0.6451612903225806,0.15748031496062992,0.0120269
1617,0.6451612903225806,0.15695538057742783,0.0120575
1618,0.6451612903225806,0.15643044619422572,0.0120687
1619,0.6451612903225806,0.15590551181102363,0.0121066
1620,0.6451612903225806,0.15538057742782152,0.0121244
1621,0.6451612903225806,0.15485564304461943,0.0121297
1622,0.6451612903225806,0.15433070866141732,0.0121728
1623,0.6451612903225806,0.15380577427821523,0.0121953
1624,0.6451612903225806,0.15328083989501312,0.0122408
1625,0.6451612903225806,0.15275590551181104,0.0122503
1626,0.6451612903225806,0.15223097112860892,0.0122657
1627,0.6451612903225806,0.15170603674540684,0.0122665
1628,0.6451612903225806,0.15118110236220472,0.0122703
1629,0.6451612903225806,0.15065616797900264,0.012279
1630,0.6451612903225806,0.15013123359580052,0.012333
1631,0.6129032258064516,0.15013123359580052,0.0123442
1632,0.6129032258064516,0.14960629921259844,0.0123672
1633,0.6129032258064516,0.14908136482939632,0.0124009
1634,0.6129032258064516,0.14855643044619424,0.0124047
1635,0.6129032258064516,0.14803149606299212,0.0124294
1636,0.6129032258064516,0.14750656167979004,0.0125396
1637,0.6129032258064516,0.14698162729658792,0.01256
1638,0.6129032258064516,0.14645669291338584,0.0125706
1639,0.6129032258064516,0.14593175853018373,0.0126048
1640,0.5806451612903226,0.14593175853018373,0.0126156
1641,0.5806451612903226,0.14540682414698164,0.0126775
1642,0.5806451612903226,0.14488188976377953,0.0127617
1643,0.5806451612903226,0.14435695538057744,0.0127939
1644,0.5806451612903226,0.14383202099737533,0.0128018
1645,0.5806451612903226,0.14330708661417324,0.0128087
1646,0.5806451612903226,0.14278215223097113,0.0128312
1647,0.5806451612903226,0.14225721784776904,0.0128964
1648,0.5806451612903226,0.14173228346456693,0.0129202
1649,0.5806451612903226,0.14120734908136484,0.0129302
1650,0.5806451612903226,0.14068241469816273,0.0129884
1651,0.5806451612903226,0.14015748031496064,0.0129891
1652,0.5806451612903226,0.13963254593175853,0.0129905
1653,0.5806451612903226,0.13910761154855644,0.0130481
1654,0.5806451612903226,0.13858267716535433,0.0130668
1655,0.5806451612903226,0.13805774278215224,0.0130728
1656,0.5806451612903226,0.13753280839895013,0.0130835
1657,0.5806451612903226,0.13700787401574804,0.0131349
1658,0.5806451612903226,0.13648293963254593,0.0131363
1659,0.5806451612903226,0.13595800524934384,0.0131368
1660,0.5806451612903226,0.13543307086614173,0.0131641
1661,0.5806451612903226,0.13490813648293964,0.0131803
1662,0.5806451612903226,0.13438320209973753,0.0132277
1663,0.5806451612903226,0.13385826771653545,0.0132325
1664,0.5806451612903226,0.13333333333333333,0.0132348
1665,0.5806451612903226,0.13280839895013125,0.013251
1666,0.5806451612903226,0.13228346456692913,0.0133203
1667,0.5806451612903226,0.13175853018372705,0.0133716
1668,0.5806451612903226,0.13123359580052493,0.0133963
1669,0.5806451612903226,0.13070866141732285,0.0134422
1670,0.5806451612903226,0.13018372703412073,0.0134441
1671,0.5806451612903226,0.12965879265091865,0.0134574
1672,0.5806451612903226,0.12913385826771653,0.0134821
1673,0.5806451612903226,0.12860892388451445,0.0135602
1674,0.5806451612903226,0.12808398950131233,0.0136175
1675,0.5806451612903226,0.12755905511811025,0.0136686
1676,0.5806451612903226,0.12703412073490813,0.0136813
1677,0.5806451612903226,0.12650918635170605,0.0137005
1678,0.5483870967741935,0.12650918635170605,0.0137151
1679,0.5483870967741935,0.12598425196850394,0.0137187
1680,0.5483870967741935,0.12545931758530185,0.0137197
1681,0.5483870967741935,0.12493438320209974,0.0137689
1682,0.5483870967741935,0.12440944881889764,0.0138001
1683,0.5483870967741935,0.12388451443569554,0.013817
1684,0.5483870967741935,0.12335958005249344,0.0138258
1685,0.5483870967741935,0.12283464566929134,0.0138358
1686,0.5483870967741935,0.12230971128608924,0.0138555
1687,0.5483870967741935,0.12178477690288714,0.0138571
1688,0.5483870967741935,0.12125984251968504,0.0139149
1689,0.5483870967741935,0.12073490813648294,0.0139549
1690,0.5483870967741935,0.12020997375328084,0.0140083
1691,0.5483870967741935,0.11968503937007874,0.0140193
1692,0.5483870967741935,0.11916010498687664,0.014059
1693,0.5483870967741935,0.11863517060367454,0.0141107
1694,0.5483870967741935,0.11811023622047244,0.0141113
1695,0.5483870967741935,0.11758530183727034,0.014137
1696,0.5483870967741935,0.11706036745406824,0.0141996
1697,0.5483870967741935,0.11653543307086614,0.0142116
1698,0.5483870967741935,0.11601049868766404,0.014214
1699,0.5161290322580645,0.11601049868766404,0.0142191
1700,0.5161290322580645,0.11548556430446194,0.0142253
1701,0.5161290322580645,0.11496062992125984,0.0142735
1702,0.5161290322580645,0.11443569553805774,0.014288
1703,0.5161290322580645,0.11391076115485564,0.0142955
1704,0.5161290322580645,0.11338582677165354,0.0143022
1705,0.5161290322580645,0.11286089238845144,0.0143033
1706,0.5161290322580645,0.11233595800524934,0.0143144
1707,0.5161290322580645,0.11181102362204724,0.0144234
1708,0.5161290322580645,0.11128608923884514,0.0144274
1709,0.5161290322580645,0.11076115485564304,0.0144371
1710,0.5161290322580645,0.11023622047244094,0.0144765
1711,0.5161290322580645,0.10971128608923884,0.0145192
1712,0.5161290322580645,0.10918635170603674,0.0145638
1713,0.5161290322580645,0.10866141732283464,0.0145695
1714,0.5161290322580645,0.10813648293963254,0.0145763
1715,0.5161290322580645,0.10761154855643044,0.0146071
1716,0.5161290322580645,0.10708661417322834,0.0146168
1717,0.5161290322580645,0.10656167979002625,0.0146172
1718,0.5161290322580645,0.10603674540682415,0.0146179
1719,0.5161290322580645,0.10551181102362205,0.0146309
1720,0.5161290322580645,0.10498687664041995,0.0146358
1721,0.5161290322580645,0.10446194225721785,0.01471
1722,0.5161290322580645,0.10393700787401575,0.0147407
1723,0.5161290322580645,0.10341207349081365,0.0147452
1724,0.5161290322580645,0.10288713910761155,0.0147927
1725,0.5161290322580645,0.10236220472440945,0.0148012
1726,0.5161290322580645,0.10183727034120735,0.0148216
1727,0.5161290322580645,0.10131233595800525,0.0149496
1728,0.5161290322580645,0.10078740157480315,0.0149799
1729,0.5161290322580645,0.10026246719160105,0.0150233
1730,0.5161290322580645,0.09973753280839895,0.0150327
1731,0.5161290322580645,0.09921259842519685,0.0150756
1732,0.5161290322580645,0.09868766404199475,0.0151181
1733,0.5161290322580645,0.09816272965879265,0.0151993
1734,0.5161290322580645,0.09763779527559055,0.0152016
1735,0.5161290322580645,0.09711286089238845,0.0152267
1736,0.5161290322580645,0.09658792650918635,0.0152533
1737,0.5161290322580645,0.09606299212598425,0.0152726
1738,0.5161290322580645,0.09553805774278215,0.015305
1739,0.5161290322580645,0.09501312335958005,0.0153321
1740,0.5161290322580645,0.09448818897637795,0.0154081
1741,0.5161290322580645,0.09396325459317585,0.0154706
1742,0.5161290322580645,0.09343832020997375,0.0154856
1743,0.5161290322580645,0.09291338582677165,0.0155386
1744,0.5161290322580645,0.09238845144356955,0.0155621
1745,0.5161290322580645,0.09186351706036745,0.0155622
1746,0.5161290322580645,0.09133858267716535,0.0156004
1747,0.5161290322580645,0.09081364829396325,0.0156057
1748,0.5161290322580645,0.09028871391076115,0.0156104
1749,0.5161290322580645,0.08976377952755905,0.015673
1750,0.5161290322580645,0.08923884514435695,0.0156848
1751,0.5161290322580645,0.08871391076115485,0.0157176
1752,0.5161290322580645,0.08818897637795275,0.0157229
1753,0.5161290322580645,0.08766404199475065,0.0157289
1754,0.5161290322580645,0.08713910761154856,0.0157435
1755,0.5161290322580645,0.08661417322834646,0.0157627
1756,0.5161290322580645,0.08608923884514436,0.0157651
1757,0.5161290322580645,0.08556430446194226,0.0157703
1758,0.5161290322580645,0.08503937007874016,0.0158019
1759,0.5161290322580645,0.08451443569553806,0.015823
1760,0.5161290322580645,0.08398950131233596,0.0158597
1761,0.5161290322580645,0.08346456692913386,0.0158824
1762,0.5161290322580645,0.08293963254593176,0.0159737
1763,0.5161290322580645,0.08241469816272966,0.016024
1764,0.5161290322580645,0.08188976377952756,0.0160988
1765,0.5161290322580645,0.08136482939632546,0.0161973
1766,0.5161290322580645,0.08083989501312336,0.0162275
1767,0.5161290322580645,0.08031496062992126,0.0163294
1768,0.5161290322580645,0.07979002624671916,0.0163452
1769,0.5161290322580645,0.07926509186351706,0.0163528
1770,0.5161290322580645,0.07874015748031496,0.0163609
1771,0.5161290322580645,0.07821522309711286,0.0163801
1772,0.5161290322580645,0.07769028871391076,0.0164177
1773,0.5161290322580645,0.07716535433070866,0.0164242
1774,0.5161290322580645,0.07664041994750656,0.0164423
1775,0.5161290322580645,0.07611548556430446,0.0164511
1776,0.5161290322580645,0.07559055118110236,0.0164773
1777,0.5161290322580645,0.07506561679790026,0.0165789
1778,0.5161290322580645,0.07454068241469816,0.0166169
1779,0.5161290322580645,0.07401574803149606,0.0166207
1780,0.5161290322580645,0.07349081364829396,0.0166594
1781,0.5161290322580645,0.07296587926509186,0.0167114
1782,0.5161290322580645,0.07244094488188976,0.0167462
1783,0.5161290322580645,0.07191601049868766,0.0168869
1784,0.5161290322580645,0.07139107611548556,0.0168954
1785,0.5161290322580645,0.07086614173228346,0.0169109
1786,0.5161290322580645,0.07034120734908136,0.0169434
1787,0.5161290322580645,0.06981627296587926,0.016963
1788,0.5161290322580645,0.06929133858267716,0.0169781
1789,0.5161290322580645,0.06876640419947506,0.0170018
1790,0.5161290322580645,0.06824146981627296,0.0170175
1791,0.5161290322580645,0.06771653543307087,0.01719
1792,0.5161290322580645,0.06719160104986877,0.0171932
1793,0.5161290322580645,0.06666666666666667,0.0172246
1794,0.5161290322580645,0.06614173228346457,0.0172296
1795,0.5161290322580645,0.06561679790026247,0.0172721
1796,0.5161290322580645,0.06509186351706037,0.0172726
1797,0.5161290322580645,0.06456692913385827,0.0173053
1798,0.5161290322580645,0.06404199475065617,0.0173199
1799,0.5161290322580645,0.06351706036745407,0.0174853
1800,0.5161290322580645,0.06299212598425197,0.0175833
1801,0.5161290322580645,0.06246719160104987,0.0176408
1802,0.5161290322580645,0.06194225721784777,0.0177729
1803,0.5161290322580645,0.06141732283464567,0.0177809
1804,0.5161290322580645,0.06089238845144357,0.017789
1805,0.5161290322580645,0.06036745406824147,0.0178259
1806,0.5161290322580645,0.05984251968503937,0.0178884
1807,0.5161290322580645,0.05931758530183727,0.0179552
1808,0.5161290322580645,0.05879265091863517,0.018007
1809,0.5161290322580645,0.05826771653543307,0.0180476
1810,0.5161290322580645,0.05774278215223097,0.0183751
1811,0.5161290322580645,0.05721784776902887,0.01848
1812,0.5161290322580645,0.05669291338582677,0.0184932
1813,0.5161290322580645,0.05616797900262467,0.018497
1814,0.5161290322580645,0.05564304461942257,0.0185278
1815,0.5161290322580645,0.05511811023622047,0.0185489
1816,0.5161290322580645,0.05459317585301837,0.0185656
1817,0.5161290322580645,0.05406824146981627,0.0185798
1818,0.5161290322580645,0.05354330708661417,0.0187544
1819,0.5161290322580645,0.05301837270341207,0.0187742
1820,0.5161290322580645,0.05249343832020997,0.0188013
1821,0.5161290322580645,0.05196850393700787,0.0188464
1822,0.5161290322580645,0.051443569553805774,0.0188516
1823,0.5161290322580645,0.050918635170603674,0.0188782
1824,0.5161290322580645,0.050393700787401574,0.0189597
1825,0.5161290322580645,0.049868766404199474,0.0190384
1826,0.5161290322580645,0.049343832020997375,0.0191481
1827,0.5161290322580645,0.048818897637795275,0.019191
1828,0.5161290322580645,0.048293963254593175,0.0192281
1829,0.5161290322580645,0.047769028871391075,0.0192524
1830,0.5161290322580645,0.047244094488188976,0.01939
1831,0.5161290322580645,0.046719160104986876,0.0195297
1832,0.5161290322580645,0.046194225721784776,0.0195528
1833,0.4838709677419355,0.046194225721784776,0.0195881
1834,0.4838709677419355,0.04566929133858268,0.0198408
1835,0.4838709677419355,0.04514435695538058,0.0198488
1836,0.4838709677419355,0.04461942257217848,0.0198627
1837,0.4838709677419355,0.04409448818897638,0.0200465
1838,0.4838709677419355,0.04356955380577428,0.0201416
1839,0.4838709677419355,0.04304461942257218,0.0203491
1840,0.4838709677419355,0.04251968503937008,0.0204384
1841,0.4838709677419355,0.04199475065616798,0.0204784
1842,0.4838709677419355,0.04146981627296588,0.0204939
1843,0.4838709677419355,0.04094488188976378,0.0205103
1844,0.4838709677419355,0.04041994750656168,0.0205349
1845,0.4838709677419355,0.03989501312335958,0.0206975
1846,0.4838709677419355,0.03937007874015748,0.0207404
1847,0.4838709677419355,0.03884514435695538,0.0209182
1848,0.4838709677419355,0.03832020997375328,0.0209934
1849,0.4838709677419355,0.03779527559055118,0.0210021
1850,0.4838709677419355,0.03727034120734908,0.0211103
1851,0.4838709677419355,0.03674540682414698,0.0211445
1852,0.45161290322580644,0.03674540682414698,0.0213197
1853,0.45161290322580644,0.03622047244094488,0.0213411
1854,0.45161290322580644,0.03569553805774278,0.0214217
1855,0.45161290322580644,0.03517060367454068,0.0215567
1856,0.45161290322580644,0.03464566929133858,0.021881
1857,0.45161290322580644,0.03412073490813648,0.0219019
1858,0.45161290322580644,0.03359580052493438,0.0220659
1859,0.45161290322580644,0.03307086614173228,0.0223322
1860,0.45161290322580644,0.03254593175853018,0.0224257
1861,0.45161290322580644,0.032020997375328084,0.0225125
1862,0.41935483870967744,0.032020997375328084,0.0227553
1863,0.41935483870967744,0.031496062992125984,0.0227769
1864,0.41935483870967744,0.030971128608923884,0.0231738
1865,0.41935483870967744,0.030446194225721784,0.023247
1866,0.41935483870967744,0.029921259842519685,0.0232878
1867,0.41935483870967744,0.029396325459317585,0.0232896
1868,0.41935483870967744,0.028871391076115485,0.024197
1869,0.3870967741935484,0.028871391076115485,0.0243807
1870,0.3870967741935484,0.028346456692913385,0.024416
1871,0.3870967741935484,0.027821522309711286,0.0245866
1872,0.3870967741935484,0.027296587926509186,0.0249843
1873,0.3548387096774194,0.027296587926509186,0.0254177
1874,0.3548387096774194,0.026771653543307086,0.0276174
1875,0.3548387096774194,0.026246719160104987,0.027911
1876,0.3548387096774194,0.025721784776902887,0.0283442
1877,0.3225806451612903,0.025721784776902887,0.0290149
1878,0.3225806451612903,0.025196850393700787,0.0295438
1879,0.3225806451612903,0.024671916010498687,0.0300672
1880,0.2903225806451613,0.024671916010498687,0.0303048
1881,0.2903225806451613,0.024146981627296588,0.0303681
1882,0.2903225806451613,0.023622047244094488,0.0304703
1883,0.25806451612903225,0.023622047244094488,0.0305012
1884,0.22580645161290322,0.023622047244094488,0.0306583
1885,0.22580645161290322,0.023097112860892388,0.03082
1886,0.22580645161290322,0.02257217847769029,0.0319231
1887,0.22580645161290322,0.02204724409448819,0.0325178
1888,0.1935483870967742,0.02204724409448819,0.033665
1889,0.1935483870967742,0.02152230971128609,0.0347028
1890,0.1935483870967742,0.02099737532808399,0.0354776
1891,0.1935483870967742,0.02047244094488189,0.0358284
1892,0.1935483870967742,0.01994750656167979,0.0360385
1893,0.1935483870967742,0.01942257217847769,0.0361338
1894,0.16129032258064516,0.01942257217847769,0.0364292
1895,0.16129032258064516,0.01889763779527559,0.0383995
1896,0.16129032258064516,0.01837270341207349,0.038688
1897,0.16129032258064516,0.01784776902887139,0.0393484
1898,0.16129032258064516,0.01732283464566929,0.039945
1899,0.16129032258064516,0.01679790026246719,0.0419648
1900,0.16129032258064516,0.01627296587926509,0.0421408
1901,0.12903225806451613,0.01627296587926509,0.0425801
1902,0.0967741935483871,0.01627296587926509,0.0427663
1903,0.0967741935483871,0.015748031496062992,0.0439418
1904,0.0967741935483871,0.015223097112860892,0.0446402
1905,0.0967741935483871,0.014698162729658792,0.0447438
1906,0.0967741935483871,0.014173228346456693,0.044932
1907,0.0967741935483871,0.013648293963254593,0.0454278
1908,0.0967741935483871,0.013123359580052493,0.0467539
1909,0.0967741935483871,0.012598425196850394,0.050048
1910,0.06451612903225806,0.012598425196850394,0.0500806
1911,0.06451612903225806,0.012073490813648294,0.0513027
1912,0.06451612903225806,0.011548556430446194,0.0513842
1913,0.06451612903225806,0.011023622047244094,0.0545766
1914,0.06451612903225806,0.010498687664041995,0.0552163
1915,0.06451612903225806,0.009973753280839895,0.0565698
1916,0.06451612903225806,0.009448818897637795,0.0572782
1917,0.06451612903225806,0.008923884514435695,0.0578365
1918,0.06451612903225806,0.008398950131233596,0.0580488
1919,0.06451612903225806,0.007874015748031496,0.0585374
1920,0.06451612903225806,0.007349081364829396,0.0636443
1921,0.06451612903225806,0.0068241469816272965,0.0692331
1922,0.06451612903225806,0.006299212598425197,0.0700787
1923,0.06451612903225806,0.005774278215223097,0.0708853
1924,0.06451612903225806,0.005249343832020997,0.0731145
1925,0.03225806451612903,0.005249343832020997,0.074146
1926,0.03225806451612903,0.004724409448818898,0.0768942
1927,0.03225806451612903,0.004199475065616798,0.0773015
1928,0.03225806451612903,0.003674540682414698,0.0782668
1929,0.03225806451612903,0.0031496062992125984,0.0815153
1930,0.0,0.0031496062992125984,0.0826518
1931,0.0,0.0026246719160104987,0.0869682
1932,0.0,0.002099737532808399,0.0875844
1933,0.0,0.0015748031496062992,0.0891044
1934,0.0,0.0010498687664041995,0.0945014
1935,0.0,0.0005249343832020997,0.1200688
